name,age,street,city,state,zip,lng,lat
Jessica Berry,80,2006 Jennifer Junction,Lake Pamelastad,Louisiana,28020,-119.440315,6.4093265
Donna Johnston,73,4595 Anthony Spur Suite 445,Kevinmouth,Kansas,35205,-130.927154,-47.201304
Christopher Powers,70,9869 Anderson Lodge,South Alicia,Tennessee,57396,-95.548179,48.011702
Craig Young,55,20977 Whitaker Spur,Jeremybury,Florida,59604,-153.861300,47.3068305
Sabrina Ramos DDS,49,22508 Paul Trail Apt. 627,West Jennifer,Montana,97363,-92.388635,-86.062200
Ann Hicks,49,0358 William Plains Apt. 835,South Ashleychester,Missouri,67944,19.613478,-31.942574
Duane Austin,31,877 Deborah Ranch,Anthonyville,South Carolina,40385,-128.873887,-48.1857085
Carlos Rose,76,996 Mcgee Drive Apt. 524,New Curtisport,Arkansas,15558,-75.223431,-26.1393265
Ashley Leonard,58,4172 Mary Mission,South Jonathan,Nevada,61355,-39.230983,58.3826645
Denise May,60,071 Russell Crossing Suite 034,North Michelle,Wyoming,08883,-27.300290,-38.953709
Victoria Walsh,65,32355 Watson Fords Apt. 498,Lake Courtney,Arizona,29385,-14.849997,17.062755
Robin Maxwell,49,87245 Johnny Neck Suite 056,Lake Georgefurt,Oregon,77878,-50.890243,38.0925845
Todd Hanna,67,664 Baxter Village Suite 291,Lake Hector,South Dakota,80727,157.232001,-88.491858
Donna Conrad,26,9485 Johnson Fort,Evansmouth,Virginia,60891,-23.385080,70.2310975
John Barber,58,242 Brown Mall,West Jessica,Florida,79291,-65.474897,70.4010935
Sarah Gray,28,271 Woodward Causeway,Lake Angelicamouth,Massachusetts,47136,70.993258,33.2914715
Janice Warren,33,4306 John Forges,New Caitlin,Maryland,84099,-32.156139,-76.1006685
Heather Burns,31,134 White Knolls,North Cheryl,Kansas,41509,-42.317190,-67.2536145
Mary Wilson,50,8891 Bethany Ford Suite 952,Jeffreyberg,Ohio,97044,131.001250,48.8074765
Maria Jefferson,55,90666 William Tunnel Suite 365,Russelltown,Washington,19385,58.718943,23.295781
John Reid,18,10567 Joshua Mountains Apt. 895,Port Donna,Alaska,45228,-61.407753,-53.618306
Sherri Owen,75,04967 Monica Manors Suite 354,East Robertview,Oregon,68022,57.512511,-26.0525045
James Brown,79,8275 Kim Keys,Oscarhaven,Georgia,98676,86.901407,-78.0415595
Brandon Carr,48,54703 Anthony Viaduct Suite 794,Angelaside,New York,44449,40.113999,82.3467635
Christopher Butler,57,0724 Matthew Orchard Apt. 280,Lake Rachel,Alaska,16117,-128.907721,73.372287
Kimberly Dickerson,73,30251 Mccarthy Lodge,Ericstad,Georgia,53830,17.319106,15.2204805
Emily Richardson,78,745 Leslie Spring Suite 393,Davidville,Arizona,98786,79.726233,-24.684188
Jeanne Harrison,35,17743 Bowman Gardens Apt. 327,Colefurt,New Hampshire,22992,95.633158,-1.051712
Joshua Barron,73,75287 Gary Radial Apt. 274,Lake Elizabeth,Hawaii,14010,-17.516459,64.800863
Lisa Davis,46,9712 Gordon Run,Johnstonland,Connecticut,60368,29.084848,87.230370
Sabrina Flores,19,676 Graves Burg,Kerrland,Tennessee,65390,-117.535271,54.499280
Jorge Brown,42,97446 Page Valleys,Amyfurt,Hawaii,62725,30.585744,-65.0404785
Ashley Brown,20,53593 Hamilton Junction Apt. 538,New Beverlymouth,New York,49271,129.313971,10.2861485
April Stewart,18,13992 Ward Crossroad,East Todd,New Jersey,75008,-105.352356,-76.140405
Michael Torres,49,8965 Johnson Way,Williamsfort,Alaska,27769,-142.081936,-21.200489
Kara Benjamin,58,10286 Michael Drives,Rodgerstown,Oklahoma,23467,102.825429,-48.8039915
Randall Pierce,32,569 Walter Place,Shelbybury,Pennsylvania,92327,65.985568,-25.6464925
Carolyn Rice,50,6037 Smith Motorway Suite 654,Chadview,Delaware,54974,11.597140,-47.684964
Courtney Cruz,63,37826 Murray Skyway Suite 355,Lake Glennburgh,Virginia,91397,24.284059,-38.907568
Emily Jefferson,78,60619 Pamela Views,Michaelview,Arkansas,97288,169.174198,49.3163575
Michael Morgan,45,5910 Anthony Rue,Nicholsfort,North Dakota,78629,-92.930048,-84.048083
Dawn Valentine,45,536 Carpenter Throughway,Lake Timothy,Iowa,62288,-87.479538,44.003565
John Shelton,57,462 David Cove Apt. 629,East Kathyland,West Virginia,78175,-153.354628,50.857770
Jamie Kelly,62,120 Angela Track Suite 224,Brianland,Delaware,77390,-116.789327,45.8545645
Meagan Lopez,53,80696 James Trail,North Abigailstad,Colorado,57854,-44.421448,68.8187935
Angela Solis,49,1663 Jacqueline Unions Apt. 233,Christinashire,Missouri,12564,-58.704904,-34.8895295
Christopher Rose,44,9940 Meyer Common Apt. 293,New Scottberg,Hawaii,51103,-82.798416,2.289012
Joseph Coleman,24,8129 Wendy Mountain Apt. 416,East Bailey,Mississippi,51949,131.268668,17.603329
Tasha Escobar,63,4342 Thomas Fork,Lake Angela,Idaho,08167,92.377388,-80.373424
Michael Brown,22,8683 Hale Ferry,West Emily,Montana,83763,-161.879803,-0.503298
Richard Hood,20,41233 Jermaine Garden,West Justin,South Carolina,55042,82.325918,-87.293742
Denise Smith,58,1872 Gabriel Lights,Port Jessicaland,Delaware,62424,-154.055529,-15.714883
Joseph Foster,45,58686 Jacob Underpass Suite 136,Port Maryton,New Mexico,61579,25.576669,58.861573
Kristin Watkins,26,1459 Timothy Mountains,Geraldview,Arkansas,52333,38.574952,42.0345115
Jacob Sanchez,78,60059 Johnson Forge,North Travismouth,Indiana,44946,118.371650,-67.965095
Gabriella Miller,23,965 Amy Villages,Martinville,Missouri,22546,125.504363,53.7487335
Mr. Alexander Lam,60,12456 Leslie Avenue,Lake Richardshire,Illinois,14495,-16.306341,52.891635
Becky Hudson,76,95216 Wayne Square,Stokesstad,Nebraska,37996,37.594294,66.211425
Mr. Matthew Simmons,70,413 Wendy Plains,Katelynland,Wyoming,88967,61.390643,65.183197
Samuel Alvarez,74,186 Cameron Green Suite 111,South Monicaborough,New Hampshire,79376,-83.804634,45.157046
Sarah Rodriguez,75,3582 Sanders Village Apt. 822,Jenniferburgh,New York,21921,138.371159,37.8325255
Scott Anderson,76,893 Tate Shores Suite 974,Jenniferhaven,Maryland,39915,-35.919211,44.056053
David Cochran,67,708 Goodman Flats Apt. 132,Lake Sarahberg,South Carolina,40654,-133.944495,-6.045822
Anthony Anderson,23,1698 Sims Center Apt. 576,Gilmorehaven,Indiana,80675,-82.993706,-25.0513665
Matthew Reyes,31,9146 Sarah Island,West Jessechester,Minnesota,77021,54.508382,-7.0451405
David Doyle,37,47074 Deborah Radial Suite 783,West Dannyberg,Alaska,28941,-46.881248,-70.106768
Christopher Rivas,32,5382 Perkins Extension,Michellechester,New Jersey,47899,-147.713146,38.407765
Jeff Ward,42,692 Massey Orchard,Port Stephanie,Pennsylvania,66909,-11.794669,63.006396
Aaron Daniels,42,6111 Robinson Shoals Apt. 055,Lake Nicolas,New Jersey,75680,99.850346,43.497962
Toni Cantu,43,2303 Patton Mountain,Lake Heather,Illinois,43627,-165.172887,19.4669905
Carl King,51,0698 Rachel Tunnel Suite 647,Richardsville,Iowa,80424,14.726167,-38.8081685
Anthony Johnson,78,8578 Ford Bypass Apt. 885,Carolineport,South Carolina,21422,-147.142943,36.893310
Drew Roth,56,11827 Blankenship Point Apt. 439,North Shanechester,Michigan,69867,3.188569,-55.894761
Jeffrey Turner,51,2531 Davis Fall,New Susan,Colorado,55116,-72.949432,-60.8190535
Leon Washington,80,022 Mann Inlet Suite 281,Jonesbury,New Hampshire,67487,-134.515138,-2.0273405
Zoe Chambers,25,760 Lin Mount,Johnsonport,California,94227,-58.593219,-25.265021
Matthew Johnson,63,249 Reyes Square,Lake Carlos,Delaware,66573,151.888357,-51.201129
Jennifer Randolph,49,43092 Wesley Run,Davisfurt,South Dakota,60696,124.952984,-14.9962675
Adam Mendoza,46,1853 Chandler Stravenue Apt. 437,Lake Veronicaville,Maryland,61688,-37.815233,-14.452747
Daniel Morris,64,530 Julie Mountain,South Vincent,Virginia,32402,-54.479160,10.2357085
Jennifer Wilson,80,29140 Vaughan Course,Sarahside,Wisconsin,48563,-106.435212,-11.8663095
Charles Gutierrez,20,57877 Heather Bypass,Brownmouth,Tennessee,24862,155.044730,75.3392685
Deanna Bean,27,9076 Andrew Neck Suite 387,Lake Alexander,Vermont,61271,-46.283947,-46.4012615
Lucas King DVM,43,760 Oneal Viaduct,North Davidburgh,Mississippi,37742,148.046497,67.296612
Michael Brown,63,768 Derek Harbors,Scottview,Arizona,76330,-123.304803,58.203411
Jennifer Payne,78,5332 Cherry Lake Suite 756,Denisehaven,Iowa,72410,60.746992,-39.3867475
Robert Ryan PhD,66,32603 Tiffany Isle,Chavezstad,Utah,88881,-72.610024,-64.1732545
Larry Hebert,43,7515 Lisa Cliffs Apt. 427,North Keith,Wyoming,69187,-91.813460,-67.213590
Jeffrey Jones,62,974 Mendoza Glens Suite 369,North Paula,Rhode Island,89737,-63.208875,63.744343
Olivia Huynh,78,5999 Gardner Motorway,Waynefurt,Illinois,84300,-114.516398,73.314188
Luis Wilson,74,38937 Clark Crossroad,Crystalview,Nebraska,03011,-99.214615,-65.673764
Eric Spears,19,507 Howell Field Apt. 767,South Michaelton,New Hampshire,30489,-150.491777,61.725054
Sean Ruiz,57,1206 Susan Bypass Apt. 855,Delgadoside,Arizona,25874,-132.834495,-85.620139
Matthew Johnson,56,1837 Nicholas Course Suite 485,Melissaborough,Alabama,10965,-89.270715,79.2678845
Robert Webster,62,21697 Lyons Streets Suite 149,Stevemouth,West Virginia,63297,0.448896,-16.195361
John Weaver,18,02691 Mackenzie Lodge,Andrewshire,Arizona,26687,96.248472,7.499723
Kimberly Estrada,45,655 Tate Junction,Lake Jamesville,West Virginia,52249,144.423915,46.5831525
Morgan Mason,47,16788 Williams Dam Suite 299,Lake Elizabethburgh,Colorado,50503,-40.995038,24.139354
Joseph Robinson,21,054 Maurice Lake Apt. 704,Johnmouth,Kentucky,30203,-6.879066,47.6438555
Melissa White,25,887 Rebecca Cove Apt. 803,North Brandy,South Dakota,46112,100.991022,70.876121
Crystal Carr,36,7748 Andrew Fort Apt. 482,East Nancy,Maine,81228,41.680439,-8.843336
Alicia Sosa,61,88218 Smith Ridges Suite 790,Karenberg,Wisconsin,83124,-56.095046,49.7052545
Keith Moore MD,68,70542 Hill Crest,South Angelachester,Wyoming,78051,16.853936,60.0494615
Anita Wilson,71,678 Jacqueline Common,Taylorland,Alabama,38039,-161.885882,49.082683
Isaac Riddle,75,3549 Campbell Course,South Lauraville,Kentucky,95013,114.160617,3.8802805
Sandra Carr,39,602 Hansen Mountain,Leebury,Minnesota,21851,10.336508,86.079040
Stacy Sanchez,28,17333 Alexandra Burg,New Michaelmouth,Washington,25798,-4.810254,29.413602
Nancy Meyer,80,6590 Oneal Stravenue,North Curtis,Hawaii,69811,98.265176,55.0662865
Lauren Green,55,7441 Derek Ridges Apt. 056,Wilsonside,Mississippi,19730,-105.728049,-54.9900145
Zachary Whitehead,80,82989 Kevin Ferry,Robertton,New Hampshire,48071,-104.162797,29.6608005
Austin Kerr,66,905 Phillips Station Apt. 578,Murphychester,Louisiana,23672,-136.180799,-18.1682985
Robert Baker,43,7514 Garcia Ridges,Tamaraborough,Maryland,99864,-157.207738,-36.2812885
Anna Smith,72,57151 Natalie Island Suite 838,Chadshire,Hawaii,89404,-40.180605,-80.7402215
Mark Sanders,74,9419 Joshua Island,Walterview,Delaware,58089,23.591778,-51.414882
Karen Cain,59,1422 Walter Key,South Richard,Tennessee,48915,-118.450585,42.452896
Daniel Rocha,35,918 Carl Wall,Youngmouth,Arkansas,26597,129.695106,-43.007884
Norma Williams,45,6938 Munoz Corners,Adrianfurt,Delaware,36830,0.746510,45.675033
Jasmine Cook,68,784 Fox Tunnel Apt. 925,Heatherburgh,New Mexico,38496,134.911299,-11.0806795
Marcus Williams,39,169 Downs Mission,Nancyton,Oregon,21533,-129.573504,-45.916427
Charlotte Peterson,22,955 Johnson Ridges Suite 137,Alexisside,New Jersey,95733,29.440878,-12.628719
Robin Galvan,29,44685 Morris Gardens Apt. 594,New Rachelland,Maine,12444,92.754950,-68.2874685
Katherine Chambers,75,06806 Jessica Roads,Biancachester,Kansas,80234,-0.482286,-59.167915
Rebecca Rodriguez,32,745 Melanie Stravenue,Milesfurt,Indiana,30581,153.627754,-89.5400355
Deborah Suarez,68,3038 April Pike,Clarkfort,Hawaii,40222,-87.050040,74.262825
Ashley Garcia,66,7004 Alexander Lakes Apt. 002,Lake Margaretbury,Nevada,37032,-133.561255,30.0735735
Stephanie Nelson,40,5326 Julian Lodge Apt. 913,North Richard,Montana,66703,55.472360,-43.1353725
Brian Carlson,66,52273 Mooney Motorway Apt. 581,East Melissamouth,Illinois,81382,-14.600374,25.5251365
Amanda Smith,20,8255 Chelsea Falls Apt. 765,Huffmanhaven,Vermont,22157,68.699589,71.0614545
Shawn Montoya,26,9436 Adkins Haven,East Belinda,Massachusetts,37913,107.867074,24.329312
Brianna Lopez,53,4003 Vanessa Via,North Jennifer,Delaware,32547,97.127217,13.881346
Heather Brown,74,062 Garrett Isle Apt. 711,West Sheriberg,Illinois,48049,-6.939462,33.320233
James Ibarra,60,951 Krause Fort,New Brad,New York,92264,-30.605469,-77.391703
Andrew Dennis,23,18964 Smith Squares,Alexland,Kansas,12263,127.697135,-49.4512775
Ronald Williams,32,93508 Clarke Roads,New Justin,Montana,71208,74.894103,-32.339254
Edward Melton,57,6590 Jason Ramp Apt. 973,Lake Josephchester,Georgia,07058,78.682386,9.9073575
Dr. Scott Torres MD,25,507 Johnston Crescent Apt. 206,Patrickmouth,Wisconsin,44171,139.774374,27.9175885
David Ponce,31,68135 Smith Causeway,Port Rose,Rhode Island,23503,69.824534,4.2531535
Jeremy Brock,30,63611 William Prairie Apt. 130,Monteshaven,Georgia,28651,-51.547782,-5.4608725
Shannon Porter,46,761 Pineda Summit,South Thomasland,Hawaii,40325,-37.163745,17.537808
Richard Perkins,48,101 Patricia Fords,New Victor,Wyoming,75791,-173.518875,9.8931055
Daniel Moore,26,8877 Stephen Grove Apt. 937,North Isaacburgh,Missouri,41969,86.224370,-7.4928755
Joseph Adams,27,25690 Davis Oval Suite 455,Johnsonland,Wyoming,88816,-175.414766,-58.9302115
Meredith Edwards,80,785 Bryant Orchard,Port Danielshire,Nevada,22890,145.313973,0.0045805
Rebecca Cabrera,22,63482 Kelly Trail Apt. 996,New Paul,Wisconsin,17323,173.327091,-54.098480
Joshua Bailey,52,7098 Roberts Lock Suite 576,Bobbyton,Nevada,88509,106.515380,23.8229765
Monique Castro,71,776 Joseph Courts Suite 924,West Jacob,North Dakota,10691,70.612219,3.8439135
Janice Cruz,57,238 Robinson Mission Suite 058,Amandafurt,Virginia,83466,32.987340,-88.3245335
Karen Pitts,57,2834 Alicia Mountains Suite 772,Lake Alexandraland,North Carolina,34577,27.400745,64.432630
Cathy Little,35,989 Misty Divide,West Ashleytown,Florida,67949,128.983725,-16.7533925
Connie Morales,18,085 Samuel Port,Port Cheryltown,Washington,90617,-98.489885,-61.358633
Mrs. Heidi Huang DDS,26,688 Erickson Roads Suite 267,West Michaelport,Alaska,37351,-59.604443,67.367483
Christine Combs,72,38971 Melissa Estates,North Mark,Iowa,69251,0.664848,11.113937
Laura Robertson,63,9941 Reed Hill,Turnermouth,Wisconsin,11004,44.819794,7.4467975
Joshua Torres,79,97704 Lam Route Apt. 622,East Kyle,Arizona,48084,173.326784,5.8855015
Rebecca Smith,30,60006 Carolyn Terrace Apt. 455,Williamsland,Wyoming,03927,42.668134,25.979790
Michael Reynolds,24,24461 Green Fork Apt. 949,Martinfurt,Michigan,64278,-61.193421,-62.324098
Nathan Jones,24,64954 Hudson Station Suite 415,Marquezland,Louisiana,02569,140.878591,-45.1482415
Trevor Howell,42,339 Herman Views,Michellemouth,Minnesota,08596,26.409088,66.404127
Jeffery Richards,64,48214 Sparks Shoals Suite 189,West Joseland,North Carolina,43277,18.834587,-19.849560
Leslie Johnson,72,692 Christopher Bypass Suite 098,New Sandra,Wisconsin,69991,83.887427,-75.3268625
Nancy Lynch,37,53307 Lane Passage,Port Robertburgh,Maine,39497,25.609798,-52.772964
Michael Johnston,34,0029 Nathaniel Land Apt. 024,Walkerfort,Oregon,60206,104.429044,49.116458
Shirley Jones,43,0189 Daniel Landing,Wolfeshire,California,74443,-162.462586,65.485459
Maria Goodwin,63,633 Mack Estates Suite 496,North Jason,Idaho,55380,-168.647908,46.0235905
Joseph Young,35,1373 Mullins Overpass Apt. 850,Port Keith,Iowa,77386,-0.460965,40.619477
Dylan Young,30,791 Baker Skyway,Lake Misty,Kentucky,39498,131.825017,-19.278285
Michael Jordan,61,16080 Wesley Glens,East Nicholastown,Illinois,44633,144.132859,-73.2466895
Lauren Mcbride,20,450 Jones Rapids Suite 243,Hayesberg,Alaska,61950,-21.728887,-3.0052835
Michelle Robinson,73,31952 Charles Center,New Jerry,South Dakota,08427,54.400860,78.8840415
Austin Sherman,74,0466 Maddox Drive,East Elizabeth,New York,41663,-11.082530,-80.8848005
Sharon Roy,41,96935 Greer Spurs Suite 523,Port Rickyborough,Washington,76625,-15.152880,-73.294050
Sarah Parks,80,543 Ryan Greens,North Brucemouth,North Carolina,92271,-26.407958,84.1866765
Carl Kim,80,265 Jill Lodge Suite 194,Peterside,Kansas,07402,-108.426316,-59.435160
Cameron Douglas,76,854 Nathan Harbors,New Jamie,Florida,51151,97.750373,-57.2016355
Margaret Mckinney,72,18335 Johnson Ridges Apt. 187,Maldonadoborough,Rhode Island,97172,125.301515,-57.1074985
Randall Powers,37,705 Scott Extension,Kathrynmouth,Hawaii,53654,-62.699112,54.425013
Shelley Kennedy,20,207 Jennifer Stravenue Suite 744,East Joseph,Rhode Island,32219,0.183657,39.363752
Jesus Snyder,30,820 Young Fort,Jeffreyport,California,47181,-43.081081,-44.187412
Casey Bailey,28,333 Brooks Flat Apt. 907,South Katrinafort,Georgia,10438,-66.727856,-28.2004165
James Diaz,72,4297 Brown Prairie Suite 647,Julieville,Nebraska,78226,88.466483,-86.6588885
David Evans,60,336 James Creek,West Kathy,Montana,37291,-128.733340,46.248649
Ryan Williams,61,26314 Mahoney Trafficway Apt. 866,Millerfurt,Louisiana,59065,-146.358576,47.2820965
Jennifer Sherman,71,39427 Nicholas Avenue Apt. 961,Waltersmouth,Tennessee,46627,-122.490999,-66.4473265
Emily Williams,38,6199 Virginia Mountain Apt. 369,South Garyside,Virginia,06449,4.572757,63.591344
Darlene Martinez,80,98547 Brown Walk Apt. 476,Powellburgh,Iowa,54744,-142.528811,-50.5130825
Lisa Fuentes,51,10443 Lee Motorway,New Kaylafurt,North Carolina,97290,-106.060381,-42.6899225
Diane Simmons,66,887 Ronald Overpass,North Michaelview,New Jersey,60989,114.817527,-52.8910735
Alex Baker,27,9710 John Islands,Brownshire,Idaho,36752,-86.863765,32.135823
Joel Valdez,28,02532 Clifford Station,North Kristenville,Idaho,16929,10.551975,25.3951145
Susan Cooper,54,26680 Cooper Views,East Vincentport,Oklahoma,60853,-11.926182,45.4018165
Kevin Nguyen,58,41193 Todd Falls,West James,Virginia,04028,59.467140,-67.9052245
Anna Jefferson,56,6531 Misty Lock Apt. 777,West Connor,California,65228,-135.679746,-29.962948
Angela Foster,20,726 Melissa Prairie Apt. 944,South Walterville,Tennessee,02666,46.464747,0.753599
Ashley Alexander,21,48081 Torres Port Apt. 055,Paceview,Arizona,65050,166.204543,-0.895429
Michael Greene,67,66058 Lopez Crossroad,Jenningsmouth,Minnesota,67557,74.778080,9.3573655
Ronald Cox,20,05833 Amy Knolls Apt. 917,Josephmouth,Arizona,26375,-145.595555,6.065138
Karen Wilcox,45,71083 Thomas Village Suite 401,West Edwardview,Arkansas,41177,-73.835017,62.3261065
Kim Grimes DDS,22,200 Jeffrey Plaza Apt. 941,Clarkfort,Pennsylvania,19814,139.077719,75.188965
Mr. Christopher Zamora,46,17573 Melissa Unions Apt. 047,West Cassandraville,Minnesota,43405,-160.269183,-21.588606
Andrew Sanders,79,53721 Armstrong Landing Apt. 735,Pooletown,Kentucky,87723,50.786186,17.5615265
Pamela Gregory,40,043 Campbell Harbor Apt. 384,Reyesberg,Alaska,13881,-74.413046,-24.374785
Stephanie Erickson,51,623 Jose Square,Petershaven,Virginia,46307,-134.785113,40.5176335
Rebecca Horton,65,33918 Daniels Underpass Suite 639,Perkinsfort,Wyoming,45198,23.269294,28.3439535
Christian Robinson,64,442 Matthew Passage,West Edward,Arizona,25781,-176.960816,-69.6194735
Craig Melendez,59,80574 Ashley Park,Brianbury,Iowa,32297,112.118839,62.770828
Timothy Taylor,44,5917 Angela Station Apt. 164,Melissastad,Oregon,56224,60.876350,22.0204815
John Spence,62,7617 Adam Cliff,Ruizmouth,New Mexico,85703,21.142834,35.038651
Brandon Spencer,22,88763 Woodard Spring Apt. 332,Stephanieland,New Hampshire,45771,-111.091289,4.4761285
Julie Mason,76,003 James Mall,Damonside,Florida,62383,-79.193366,74.5557605
Stacy Cox,18,744 Hall Mount Apt. 980,East Christopher,Connecticut,13010,-100.426299,36.316977
Cindy Hull,65,710 Dana Junctions Suite 772,Karenfort,Massachusetts,04605,-54.438443,83.945784
Jonathan Haley,40,22377 Thompson Unions,Lake Teresa,Illinois,01626,142.650608,88.7614395
Daniel Buckley,69,32757 Amanda Mountains,Lewisland,Alaska,84494,70.279977,14.315187
Michele Macias,33,911 Laura Ford Suite 515,Lake Lorrainemouth,Georgia,17403,-56.408130,-59.0452635
Anthony Gilmore,34,693 Erika Squares,South Juanfurt,Ohio,81490,58.723750,30.951282
Andrew Barton,69,6080 Cox Park,West Alanville,Kansas,64476,-105.092433,88.852958
Jose Day,31,24529 Hammond Plains,Davidfort,Mississippi,97775,-150.591932,-28.165161
Gregory Brooks,32,78864 Natalie Falls,Thompsonburgh,California,11973,-83.273849,33.778856
Jennifer Rodriguez,51,897 Sherri Ford,Evanview,Massachusetts,03299,-60.878129,-27.1411245
Nancy Moore,66,701 Murphy Locks,Tiffanymouth,Virginia,43009,79.939191,52.814938
Dawn Martin,47,766 Heather Cliffs Suite 978,West Brian,Georgia,69647,172.793390,-85.1045135
Jennifer Jacobs,32,5188 Jennifer Ferry Apt. 836,West Jennifer,Kentucky,49936,67.762177,84.585893
Alexis Rodriguez,49,5685 Jacqueline Ford Suite 556,Kevinberg,California,59452,-148.956417,72.554501
Benjamin Salazar,72,5214 Walker Cape,Townsendmouth,New Mexico,50945,-166.434961,-82.9952215
Mrs. Michele Goodwin,49,689 Ellis Ports Suite 639,Danielsborough,Illinois,13809,151.231495,-6.012137
Jason Meyer,44,055 Erin Courts Apt. 147,Murillohaven,Kansas,68665,-52.055727,-14.360642
Jacob Pugh,77,522 Flores Fords Suite 775,Charlesmouth,Missouri,69030,141.721095,-62.0441075
Jeffrey Smith,78,00373 Bowers Cliff Suite 189,East Samuelstad,Illinois,51682,-97.342840,55.421233
Cheyenne Tate,35,81443 Jonathon Turnpike,Port Traci,Florida,39923,104.118736,-74.5752465
Jennifer Mitchell,25,662 Amy Islands,West Charles,Ohio,76778,-66.755683,18.843795
Sharon Villarreal,20,40231 Jessica Road Suite 817,North William,Wyoming,11470,-171.110522,16.0209725
Michelle Leach,38,98669 Karen Rapid Suite 436,South Debra,New York,14160,-89.718555,-74.2951295
Donna Steele,34,3661 Matthews Ramp Apt. 931,Deanside,Hawaii,17392,-56.303242,-41.7927665
Pamela Roy,37,005 Linda Club,East Christopher,Delaware,90471,174.235072,78.9086975
Michael Mccarthy,44,9034 Davis Mount,Nicolebury,Kansas,67584,21.320784,66.8022645
Rachel Spencer,68,186 Sandra Spur,North Bonniefurt,Michigan,16682,108.367798,-4.710828
Tammy Rose,19,883 Christina Square Apt. 095,Valenciahaven,Massachusetts,43268,98.896929,41.1371155
Michael Collins,60,466 Perkins Loaf,West Ginaberg,Mississippi,88293,-55.970647,36.495778
Tammy Simmons,68,17082 Cline Shoals,South Ashleyland,New York,62055,7.458079,43.7854885
Marcia Mathis,73,793 Cory Well Suite 235,Erinland,Minnesota,48468,-47.063908,70.8404665
Jacob Russell,63,64995 Williams Wells Apt. 990,North Karenside,Arkansas,59141,115.808992,55.791814
Hunter Hudson,73,590 Martin Meadows,Tristanberg,California,73832,45.355194,69.236429
Douglas Hamilton,78,028 Coleman Greens Suite 654,South Leemouth,Alaska,61796,-155.554929,10.451567
Ryan Smith,72,074 Hobbs Freeway Apt. 251,South David,Idaho,63379,-31.816789,28.454275
Michele Hammond,40,13668 Karla Island,Elizabethmouth,Hawaii,01511,151.389728,-65.014162
Teresa Bridges,41,15753 Castillo Roads Suite 749,North Ashley,Louisiana,23500,-38.739131,60.241561
Jeremiah Pierce,62,3268 Cassandra Prairie,New Cindyport,Massachusetts,02448,97.153954,-13.826618
Christopher Williams,76,59286 Briggs Brook,Gloverside,Oklahoma,76166,-17.752004,-71.0689995
Leslie Stewart,57,512 Wilson Tunnel Suite 150,Jenniferburgh,Montana,96699,-170.012262,11.574980
Jake Acosta,75,47727 Jason Glen,Jamesstad,North Dakota,71993,113.525325,-60.4237665
Michael Morse,66,820 Patrick Curve Apt. 841,Eileenview,Michigan,51834,15.115903,-5.791287
Pamela Brown,59,582 James Causeway Apt. 519,South Markmouth,Minnesota,33309,-130.710329,54.237686
Kristen Davis,39,589 Castro Unions Suite 871,Christinaborough,Iowa,86111,178.609720,-11.959754
Nicole Moore,69,2681 Brittney Lake,Morrowchester,Maine,40940,10.970083,-14.349031
Paul Dunn,68,7627 Alexandra Rapid,Robertville,New Mexico,51999,9.335550,-40.569913
Alexandria Lopez,56,838 Carrie Landing Apt. 671,Lake Catherine,North Carolina,65925,87.308143,79.5721575
Brittney Tanner,61,38533 Daniel Cliff Apt. 349,West Pam,New Mexico,30599,51.318694,-35.9194125
John Carroll,27,34394 Olivia Ridge Suite 672,Catherinemouth,Wisconsin,40045,-160.165924,-85.0246405
Tyler Robinson,23,951 Brandon Radial,Natalietown,Nebraska,60894,-100.785536,10.141841
Shawn Mcintosh,67,3679 Mcdonald Passage,North Michaeltown,Arkansas,94872,-147.890451,-85.204785
Alec Wilson,72,80162 Martinez Ferry Suite 810,Foxside,Arizona,66610,-23.916662,76.5287475
Daniel Rios,80,005 Hobbs Pike,Lake Gabriellebury,Montana,76312,-93.306752,-14.279013
Sherri Owens,34,66786 Williams Trafficway,West Patrickshire,Michigan,92982,-118.580207,27.0622925
Matthew Rose,18,835 Anderson Loop Suite 361,Tracystad,New Jersey,81723,165.546798,-12.0796405
Peter Vincent,46,8435 Frank Causeway Apt. 951,East Michael,New Mexico,90315,77.005449,6.320891
Juan Johnson,46,4920 Cory Village Apt. 182,Hernandezport,Tennessee,78063,41.761187,-33.6966235
Ashley Snow,28,3534 Stephanie Gateway Apt. 029,Joefort,North Dakota,95489,-55.608749,10.9043435
Ryan Martinez,21,49223 Harrell Ranch Suite 782,Port Yvonne,Maryland,99350,-7.805734,30.9300205
Kimberly Bradley,32,0426 Mcknight Cliffs,Clarkeview,Tennessee,98872,-148.797204,-44.4750775
Emily Medina,69,9799 Steven Forks,Josephland,Virginia,92920,-79.652460,-7.5729515
Dwayne Ford,23,5894 Hannah Points,Port Georgemouth,Idaho,32724,12.079424,-64.317243
Reginald Prince,72,13245 Hamilton Inlet,Laurafurt,Arkansas,08531,105.625024,19.2934875
Carl Wilson,67,52570 Brittany Ways Suite 504,Mortonfurt,California,88595,-104.562203,-45.366879
Paul Martin,22,206 Franklin Landing Suite 925,Lake Davidfurt,Oregon,99097,-153.039445,-2.8821665
Robyn Wright,34,8837 Miguel Manor,West Dean,Mississippi,54470,-70.734593,-7.638404
Eric Ford,48,958 Pearson Skyway Apt. 180,Port Kelly,Iowa,73336,-89.088472,-38.855657
Megan Shannon,45,793 Kimberly Rue,North Mark,Missouri,37488,150.493422,77.4972915
Autumn Thompson,28,876 Elizabeth Haven,New Lisa,Missouri,33589,-12.967412,30.440379
Michael Brock,72,601 Jason Crest Suite 206,South Mistyfurt,Washington,98703,-59.557825,-64.0673675
Mark Wolfe,56,06347 Griffin Prairie Apt. 312,Gibsonmouth,Kansas,02105,63.354815,1.057820
Matthew Cole,29,6947 Jacqueline Alley Apt. 814,Cynthiaview,South Carolina,22208,165.434438,-0.952800
Jennifer Watson,32,4993 Smith Plain,Arnoldbury,Alabama,67313,-92.789902,-54.727373
Marcus Stanley,58,544 Cynthia Ford,Port Michelleshire,Montana,90052,145.311339,-35.2459225
David Lopez,58,8757 Yang Drives Apt. 899,Jennaburgh,Ohio,53840,-136.695202,37.4898955
Jonathan Ayala,21,24027 Audrey Prairie,Marvinmouth,Florida,84150,-138.823470,-0.7980135
Kaylee David,30,8905 Mcdonald Junctions,Lake Alexanderberg,Washington,52631,167.175537,87.1281985
Tommy Martin,70,85401 Cody View Apt. 129,Port Samuelshire,Nebraska,10218,-151.767488,-65.517184
Deborah Brooks,76,310 Miller Mall Apt. 407,Scottborough,Virginia,21902,-143.093526,-53.074597
Mr. Keith Estrada,20,26467 Sherman Crossing Suite 211,Denisemouth,Minnesota,53047,161.996820,63.819563
Cynthia Wang,47,1789 Wood Well Suite 713,West Angela,Mississippi,36786,-106.747060,18.9148995
Emily Chang,33,6945 Salinas Stravenue Suite 176,Craigview,Wisconsin,78217,5.278047,69.538234
Christine Steele,50,71401 Kim Drive Apt. 317,Jessicaburgh,Alabama,10088,-69.570743,-54.835844
Adam Sanchez,43,3067 Barbara Divide Suite 672,Sanchezfurt,South Carolina,75297,121.023633,21.325913
Vincent Waters,19,27282 Best Ramp,Williamsport,Oklahoma,49131,99.000996,-53.0984615
Brandon Mendoza,19,215 Harris Mews,New Samuel,North Dakota,82897,-163.971771,71.4791485
Cynthia Shaw,70,888 Fry Streets,West Samantha,Iowa,70628,108.585674,-1.6959545
John Mejia,71,6217 Joann Manors Suite 448,South Brianside,Louisiana,74335,-97.641852,6.0729485
Jennifer Thompson,28,403 Anderson Squares Apt. 234,West Marthastad,Kentucky,80859,135.731122,25.311376
Elizabeth Madden,49,86928 Alisha Ranch,Meyersmouth,Delaware,47886,-77.063034,-77.9536525
Kimberly Anderson,54,398 Lawrence Pike Suite 905,West Donna,Idaho,06319,39.906642,44.5077895
Alicia Wagner,61,6420 Clark Camp,South Jamesstad,New Hampshire,94665,54.047399,84.191771
Hannah Collier,30,556 Williams Mission Suite 216,Davidbury,North Carolina,80035,-136.438481,14.320400
Michael Martinez,55,79257 Patricia Hills,Angelaborough,New Jersey,49928,-142.733285,61.082922
Gary Bauer,20,71443 Ronnie Fords Apt. 922,Holand,Utah,15914,41.742301,-72.3860245
Lynn Mcclain,22,683 Joel Park Apt. 335,Alexanderton,Arizona,36473,-105.219813,16.875890
Taylor Brooks,24,488 Arias Run Suite 624,Hoganborough,Colorado,97388,-145.856256,-58.879472
Jerry Walker,61,123 Mccullough Brooks Suite 375,North John,Indiana,85165,49.922971,68.724654
Julie Thomas,71,50003 Dana Plaza,West Rachel,Wisconsin,14483,57.169894,47.8387385
Jim Smith,48,6119 Lynch Ridge,Murrayland,Alaska,58552,-101.163350,-54.048741
Hannah Simpson,37,00390 Mclean Groves,New Angela,Texas,01906,-2.775975,-59.766813
William Espinoza,55,161 Julie Port Suite 488,Joditown,Utah,68511,-139.479439,-50.588423
Adrienne Hughes,73,3567 Romero Parkway Suite 840,Lake Mario,Wyoming,00910,126.841261,80.235887
Cassandra Aguilar,56,92248 Burns Common Suite 113,Ryanfurt,Pennsylvania,90165,-124.273061,-83.235290
Nina Burch,65,23069 Terri Glen Suite 342,Finleytown,Iowa,39169,117.929127,-6.622241
David Davis,36,8727 Anthony Greens,Burchfurt,Mississippi,17086,87.356011,-69.5542685
Katie Brewer,34,5244 Gonzales Lane Apt. 051,Dixontown,Louisiana,79359,-75.398248,22.651304
Beverly Alvarado,61,443 Cooley Inlet,Joshualand,Illinois,15956,131.133139,84.8647345
Alexander Smith,74,308 Pearson Lodge,Markfort,Alaska,87356,116.975429,48.639610
Jason Watts,48,684 Christine Valley,Emilyborough,Hawaii,14910,-161.171986,-85.491569
Joseph Madden,53,444 Brittany Light Suite 046,Lake Sherrystad,West Virginia,29240,14.412809,-68.3861045
William Knox,21,123 Nelson Light Suite 291,Brownchester,Indiana,59642,140.205214,62.326465
Kathryn Lowery,60,9319 Lyons Branch Apt. 640,West Aaronfurt,Montana,36443,172.116903,35.8825445
Nicholas Manning,30,3425 Chad Field Suite 104,Davisview,North Carolina,82754,-60.014550,17.338753
Stephen Marquez,32,403 Eric Roads Apt. 761,Caroltown,Wisconsin,11945,20.336018,16.9677855
Gary Manning,63,28514 David Row,Ericfurt,New Hampshire,35572,-146.558325,38.783399
Michael Rodriguez,80,40907 Burke Mills Apt. 010,Port Peter,Colorado,59552,27.792589,47.2864285
Charles Thomas,47,394 Barnes Meadows,Andersontown,Missouri,63783,124.555918,86.269030
Jennifer Edwards,51,123 Laura Trace Suite 962,Wardville,Illinois,74433,-25.414738,42.514995
Timothy Jordan,57,1706 Tyler Cliff Suite 891,North Christopherton,California,30031,126.126109,52.800673
Dr. Joel Davis II,38,6038 Grace Prairie Apt. 481,Deannaside,New Jersey,89165,120.408451,-27.848029
Patricia Hodges,48,507 Kelley Falls Suite 284,Bradleytown,Missouri,59900,-63.957465,49.4582685
Chelsea Alvarado,31,3563 Margaret Vista,Elliotthaven,Oregon,49870,32.432329,-41.1240595
Joseph Weeks,49,7117 Eric Forges,Michaeltown,Florida,72650,16.445412,-71.677913
Michael Walker,38,1492 Kristy Mall Apt. 608,Blackside,Virginia,21769,-178.762392,-66.691986
Renee Williams,60,8247 Jennifer Stravenue,Saraville,Nevada,49456,175.919552,-4.819962
David Cook,59,656 Martin Spring,Howardtown,Texas,88781,-27.318821,36.7512575
Douglas Owens,48,6293 Jacqueline Mission,Kimberlyborough,Nebraska,87776,-39.165662,54.5361075
Dustin Sanders MD,23,01897 Carpenter Field Apt. 425,Ericamouth,Alabama,46281,66.410186,-65.5270885
Katrina White,48,2188 Brooks Spur,Lewischester,Oregon,11015,-41.224701,85.469795
Alex Lambert,42,328 Luna Lake Apt. 729,Feliciaport,Wisconsin,82586,23.295977,-21.2519805
Krystal Mckinney,67,63436 Michael Streets Suite 328,New Michelle,Kentucky,45733,69.453254,54.1304315
Benjamin Atkinson,20,93957 Santiago Lodge Apt. 234,Jennifershire,North Carolina,23566,55.000888,-42.3616545
Michelle Smith,29,754 Megan Trail Suite 011,Abbottborough,North Carolina,20312,159.168769,-71.772144
Paul Hamilton,57,77610 Michael Plains,Yvonnefurt,Oklahoma,69437,-164.493240,65.6801215
William Cox,27,58802 Dalton Drives Apt. 749,Lake Randy,Alaska,81417,143.452494,77.1157275
Allen Bradley,32,08837 Kristopher Circles Suite 884,Port James,Maryland,10948,-143.721977,-52.578063
Robin Garza,79,5229 Christopher Junctions Apt. 505,New Valerie,New Hampshire,39759,-124.608495,33.211290
Natasha Ross,62,3056 Schmidt Crest,Davidmouth,Minnesota,04941,32.176469,39.800550
Alexander Smith,54,27884 Rios Brooks,Lake Roberthaven,Pennsylvania,76929,49.201106,-51.545654
Richard Lewis,36,409 David Greens,Port William,New York,32335,161.753313,-40.426318
Daniel Richards,43,91313 Jessica Island Apt. 473,Smithstad,Illinois,79303,154.412889,34.753332
Kimberly Bauer,70,96627 Taylor Turnpike Apt. 515,South Justinhaven,New Mexico,30866,50.508281,55.2839965
Sydney Vega,64,3718 Miller Valleys,Port Debramouth,Nevada,29612,-178.723586,-78.773458
Erik Huerta,60,84439 Hall Manors,Lake Staceystad,Georgia,03324,-80.053983,40.7357245
Mark Olson,67,470 Chavez Shores,Calebport,Rhode Island,09630,90.909463,-51.995046
Javier Fisher,31,960 Diaz Points Suite 567,Guzmanview,Indiana,92029,58.468051,-86.0866545
Russell Lopez,25,38705 Kendra Point Apt. 469,East Deborah,Alaska,32863,154.621800,-68.7591215
Erika Garcia,26,8957 Robert Ports Apt. 456,Lake Cheryl,Hawaii,72946,-101.329925,-39.859973
Jay Adkins,41,048 Hernandez Crossing Suite 090,Hayesfurt,Ohio,94093,-113.051071,74.742094
Sarah Perez,23,71209 Matthew Coves Suite 030,New Latoyaview,Wyoming,74389,112.460786,36.559704
Nathaniel Ramirez,80,8789 Avery Brook Suite 803,West Ashley,Pennsylvania,71171,15.358009,84.252054
Patrick Wells,46,1997 Jackson Ridges Suite 354,Kathrynton,Florida,60179,34.986905,27.560512
Krista Williams,53,2593 Hall Cove,North Travistown,Kansas,52864,-36.612223,-51.536849
Cody Duncan,35,559 Ward Burgs,South Dorothy,Delaware,44527,-167.371391,-71.4722615
James Morales,25,8343 Frye Underpass,Lake Hannahville,Virginia,26321,40.199236,-80.276919
Jacqueline Henderson,53,8212 Dean Burgs Suite 353,South Kevinborough,Indiana,58832,93.504036,-41.046444
Wanda Barnes,25,7457 Edward Via,North Kimberly,Georgia,40808,-87.698117,54.7310255
Kenneth Mejia,19,0690 Lane Forges,Wellsfort,Iowa,92425,-113.887735,69.419961
Hannah Hubbard,28,20988 Richard Green Suite 902,East Nicoleville,Indiana,22631,131.341906,-23.662908
Michelle Williams,54,8285 Justin Glens,Peterfort,California,20698,-91.209159,-69.612405
Amanda Hall,41,85513 Valerie Lake Suite 827,Collinsberg,Florida,60384,-27.591647,62.119211
Michelle Ruiz,40,27561 Amber Plaza,Port Kevin,Connecticut,54090,-35.371020,-26.0251095
Joshua Brown,58,60790 Campbell Land,East Todd,Idaho,35010,-28.620750,52.301072
David Parsons,23,6402 Shelton Ford Suite 430,East Terryhaven,Montana,81070,82.870251,-36.793885
Elizabeth Miller,25,87101 Jacqueline Mountain Suite 972,West Nicholas,North Dakota,86133,-160.794603,-89.7150655
Sandra Freeman,54,1125 Short Dale,East Steve,Illinois,22316,49.301549,-41.4047795
Amanda Kelly,37,037 Davidson Stream,Michaelland,Georgia,86166,-75.126546,-63.2167765
Christopher Williams,77,10713 Ellen Isle Suite 931,South Johnbury,Maryland,79847,-172.660898,-0.4450845
Dawn Murray,79,64768 Maxwell Course,Troyfort,New York,01702,52.671979,-89.741213
Sierra Brown,34,9717 Sullivan Station,South Willie,Ohio,43097,3.055543,19.514960
John Evans,57,08926 Sharon Estate,New Linda,Massachusetts,79594,-165.754586,-28.2046595
Kimberly Pruitt,59,0567 Aaron Ranch Apt. 161,Kyleland,Michigan,97290,-125.623518,11.7113325
Jeffrey Flores,55,02787 Frazier Parkway,North Natalie,Montana,65908,-135.776547,38.554204
Sarah Mann,55,7911 Raymond Junctions Suite 713,Annabury,Ohio,49423,117.283599,62.127987
Candice Bryant,35,920 Alyssa Greens Apt. 693,Kingstad,Arkansas,83776,-67.463462,25.304039
Amanda Trujillo,55,6187 Tracey Pine Apt. 912,South Traceystad,Utah,11749,114.764908,88.3778845
Holly Anderson,72,4789 Penny Ports Suite 446,Henrymouth,Georgia,80076,28.591842,85.139854
Kelly Greer,79,55217 Stacy Fort,Aarontown,New Mexico,24208,14.958789,85.774753
Ashley Richards,57,6575 Garrett Avenue Suite 524,Joycestad,Mississippi,87117,-53.914458,-7.6892195
Jerry Ferguson,21,25479 Melissa Harbors,Davidsonhaven,Delaware,74802,77.837953,-42.853742
Alexis Smith,35,3616 Cline Flat,Robertton,Kansas,44732,84.012095,17.7008155
Jonathan Mcdonald,67,7046 Savannah Pass Suite 435,Jacksonport,Hawaii,59149,-70.048900,24.8406815
Ryan Hester,54,609 Colleen Haven Suite 963,North Josephbury,Louisiana,06812,4.510147,-49.623520
Justin Aguilar,33,877 Warren Harbor,Deniseville,Nevada,66089,-22.327315,69.830159
Dana Serrano,42,754 Darlene Corners Apt. 129,Colehaven,Alaska,19497,-73.723097,-44.8565365
Kara Luna,20,784 Paul Turnpike Suite 211,Palmerburgh,Utah,02010,-67.570710,58.5704845
Michelle Hughes,30,076 Williamson Stream Suite 795,South Leslie,Missouri,14252,162.587316,54.8115095
Sarah Gamble,61,861 Jorge Shore,Ronaldmouth,Hawaii,29926,169.245213,-71.5901155
Rebecca Shah,23,96596 Edwards Ports,Andrewville,Minnesota,99320,110.243631,41.7352645
Laurie Hill,68,6286 Lopez Falls Apt. 401,West Emily,Oregon,82779,-126.044490,70.770037
Christine Rojas,37,61363 Robbins Harbors Suite 488,Brandyton,New York,85137,-179.073332,-64.881103
David Norman,70,12285 Jamie Divide Suite 270,East Jameston,Iowa,70837,-87.299720,-43.0605345
Brenda Orozco,28,57981 Norton Trafficway Apt. 879,South Andrewtown,Massachusetts,51090,-61.950690,-79.356848
Alyssa Rogers,30,82270 Smith Dam Suite 481,Davidchester,Vermont,86272,104.213021,43.4954285
Christopher Simmons,70,960 Jackie Cliff Suite 914,Hernandezview,Maryland,63616,114.929079,-14.132994
Dylan Graham,76,50435 Brooks Curve,East Brandyside,Wyoming,68088,131.533190,-30.4852975
Amy Yang,42,6408 William Tunnel Suite 298,New Gabrielleborough,Florida,38578,93.719778,3.822903
Tamara Macdonald,18,3141 Frank Green,Lake Eric,Maine,26105,-96.836153,8.7293955
Peter Johnson,22,861 Penny Ferry,Raymondshire,New Jersey,06437,76.987993,42.606232
Harold Washington,31,7050 Kylie River Apt. 361,West Monicatown,Wisconsin,14539,160.245632,48.9068315
Charles Stokes DDS,30,756 Zimmerman Loop,Michaelhaven,Virginia,43237,-104.523292,-86.755941
Brittany Thompson,80,455 Robert Plains Suite 789,South Andrea,Missouri,02832,-156.702916,50.0779745
Bryan Taylor,40,0518 Warren Harbor Suite 451,East Vanessaborough,Indiana,30380,-77.620010,69.346873
Keith Miller,63,4950 Serrano Terrace Suite 242,North John,Pennsylvania,52048,122.826917,17.449931
Jennifer Evans,67,62880 Jacob Shoal,Port Kurtbury,Utah,96359,-38.403437,8.327409
Bryan Barber,55,78194 Hughes Station,South Rodneyborough,Maryland,39797,-11.641797,24.501049
Amber Mueller,50,346 Donna Harbor Suite 982,Jasonport,Kentucky,49434,-16.275101,-85.8209645
Tyrone Parsons,75,08109 Cooper Springs Suite 108,East Thomas,Hawaii,16580,-142.605358,-78.9749775
Carlos Gardner,20,013 Taylor Keys Suite 985,Gregoryside,South Dakota,59875,-142.170272,36.6134835
Kathryn Allen,43,652 Salinas Lights Apt. 975,Murphyfurt,Alaska,28290,-166.133596,-75.6924245
Chad Fleming,65,35162 Hall Flat,Salazarchester,Utah,85023,-27.075829,77.334238
Hannah Johnson,80,506 Johnson Square,Reginachester,Delaware,13628,34.718276,-66.4572325
Roberto Sanchez,42,8939 Murphy Wells Apt. 746,Medinaland,West Virginia,06673,11.834490,-37.7745905
David Barnett,60,51229 Long Fall,North Evanshire,Minnesota,89498,88.420445,-79.6305905
Victor Jones,41,98393 Taylor Place Suite 024,South Rachel,New Hampshire,81179,137.936107,-7.684059
Brenda Mccoy,56,3065 Peterson Estate Apt. 422,Christinechester,Arizona,59408,-73.443716,17.4723555
Mr. Jason Williams DVM,23,7320 James Turnpike Suite 963,Robertmouth,North Carolina,03799,-92.416519,69.4075865
Michael Cooper,36,3419 Simmons Parkways Apt. 471,Lake Christopher,Rhode Island,21536,84.897471,31.9066295
Gregory Cooper,77,2508 Rice Manors,Morabury,New Jersey,04719,-8.740390,22.7098415
Joshua Ford,44,81909 Baird Station Suite 723,Barbaratown,New Mexico,01381,0.333364,34.0545105
Jose Burch,53,65915 Angela Falls Suite 827,Daughertyborough,Massachusetts,27712,72.000716,75.5886875
Bryan Cobb,70,68786 Lopez Spurs,Ericksonland,Minnesota,83049,144.285770,40.1503145
Janet Mccall,44,527 Chambers Islands Suite 614,Port Donnaside,New Mexico,93462,138.326009,-13.812729
Nicole Myers,28,7972 Rodriguez Route,South Steveshire,Colorado,42911,-115.623035,3.770573
Lisa Nelson,20,92427 Davis Center,North Jacqueline,Wisconsin,53201,147.749083,-54.5115355
Nicholas Anderson,26,207 Haley Roads,North Michaelbury,Arizona,34445,52.639309,61.295188
Jennifer Jones,34,458 Kyle Run,South Jeremyside,Idaho,04703,-45.922663,-54.3460765
Richard Jones,25,34757 Amy Tunnel,Port Shelley,Wyoming,07257,-161.930154,-77.2473055
Lisa Rubio,19,90561 Anna Rue,East Kristyside,New York,52718,-178.503044,22.4385325
Michael Robertson,78,01376 Steven Shoals,East Robertburgh,Arizona,33680,54.956107,83.9768545
Patrick Jackson,57,989 Moore Manor Apt. 338,South Josephmouth,Indiana,19085,32.632946,50.765395
Anna Li,33,89286 Reese Port,Mcgrathside,Rhode Island,99303,139.606605,-4.544483
Walter Jackson,39,1319 Smith Tunnel Apt. 910,South Jennatown,Kentucky,82473,80.852841,-60.9900355
Michael Rose,59,24936 Thompson Dale Suite 490,Taylorport,Louisiana,27749,132.661514,42.574784
Nicole Garcia,75,632 Shane Square,East Sharon,New Mexico,30279,3.584934,66.9192935
Danielle Dickson,41,5150 Wolfe Run Suite 797,East Frank,Washington,81824,-88.058264,-23.484585
James Davis,76,2848 Andre Ranch,North Keith,Michigan,94153,90.473325,-56.350938
Miss Anne Ross,40,763 Steven Viaduct,Sellersfurt,Missouri,70350,-159.612384,-8.827131
Michelle Smith,80,69243 Christopher Fort Apt. 784,Rodriguezville,West Virginia,08424,5.302627,-66.9342485
Mark Pratt,64,2870 Joseph Pike,Petersonberg,Oregon,45189,-140.867840,88.971855
Beverly Clarke,56,18871 Allen Green Apt. 842,Jamesshire,Massachusetts,24145,40.982724,73.3057905
Dr. Dustin Harris,36,391 Rodriguez Rapid Apt. 559,Perryfurt,Arkansas,10300,-77.273011,59.4713675
Leon Kelley,37,70036 Gary Islands Apt. 947,Brandonton,West Virginia,76037,-55.766903,28.6372205
Danielle Alvarez,69,68770 Cook Lights Suite 724,North Samantha,Montana,87683,-168.139962,-0.332142
Wendy Browning,59,69784 Lee Turnpike Apt. 879,Kelleybury,Oregon,55441,76.829468,7.699292
Andrea Smith,61,2991 Brandon Corner Apt. 936,North Kristina,Rhode Island,60778,81.007873,-79.653107
Jeffery Kramer,30,005 Carter Green Apt. 516,North Lindashire,Virginia,74433,-71.076686,13.0946445
Mark Bell,24,2254 Joy Loop,Elizabethview,Maine,10524,-57.417133,80.9604865
Bethany Hurley,50,895 Singh Shores Apt. 085,Port Monica,Hawaii,04160,-90.876634,-5.741163
Joy Mendez,56,2578 Santana Ports,North Vincentborough,Connecticut,94750,-70.480816,-49.9878345
Jennifer Jensen,77,074 Daniel Meadows,New Luketown,Vermont,26904,3.453000,-19.7732835
Janice Evans,59,249 Jordan Cape Suite 255,Timothyview,Louisiana,77938,-91.547604,-17.2264735
Alyssa Burton,34,0628 Laurie Forest,Xavierfort,Virginia,78210,-68.148751,-23.655908
Patrick Kelly,28,049 Heather Inlet,Kaitlinberg,Idaho,73545,139.295879,-78.3332515
Matthew Bell,64,4888 Eric Streets,Santiagoview,New York,80969,109.471973,-89.896201
Robin Lyons,60,822 Billy Forge Apt. 108,North Cheyenneside,South Carolina,47674,-157.726510,44.581831
Brent Morgan,24,597 Tammy Plain,South Denise,Wyoming,09494,-128.068550,-31.552724
Paul Spence,72,34940 Williams Place Apt. 133,Port Carlosshire,Hawaii,56569,-77.199126,57.497568
Mark Frank,80,588 Garza Fort,Lake Emilymouth,Arizona,31552,-106.581978,26.029742
Dawn Mcdonald,62,4892 Curry Views,Port Andrewland,Arizona,57582,53.155183,-67.736099
Tiffany Wilson,30,78660 Beasley Heights Suite 855,Port Jason,North Carolina,42080,-97.510898,6.7109875
Maxwell Green,66,76348 Trevor Place Suite 794,Lake Matthewmouth,Maine,65601,-26.516427,15.166212
David Morgan DDS,41,388 Brandon Forks,Meganview,Arkansas,35867,40.915962,-76.3083565
Roy Mcdaniel,34,99901 English Flat Apt. 964,Port Andrew,South Carolina,87179,142.227261,15.4275575
Carol Gonzalez,41,5740 Patricia Lodge,North Jamesstad,Wisconsin,16924,-86.803783,62.6300435
Christina Madden,68,75685 Andrew Crest Suite 979,East Julia,Nebraska,41281,149.512989,56.2027595
Timothy Nelson,23,2644 Boyd Garden,Stacyview,Missouri,94209,-153.204132,-3.196255
Christopher Zavala,55,79074 Tammy Fords Suite 132,West Jeff,Texas,43393,150.293757,17.4519075
Eric Clark PhD,77,0268 Danielle Island,Melvinstad,Missouri,12681,-172.451369,60.6834525
Sarah Paul,71,86970 Morton Motorway,Atkinsontown,North Carolina,49043,122.802104,-32.7987785
Karen Larson,30,564 Andrew Camp,Barbarachester,Oregon,35330,134.143511,7.4729435
Samantha Foster,51,04504 Michelle Manor,Melissaland,North Dakota,40167,125.659122,67.940914
Jay Jones,34,264 Anderson Motorway Suite 555,Markland,Mississippi,22465,92.981446,32.1974995
Taylor Thomas,59,130 Ricardo Island,New Robert,Iowa,01620,39.418792,15.6491475
Joseph Dudley,50,35789 Alvarado Mission Suite 556,Nathanielview,North Dakota,59264,-61.697394,4.524233
Ralph Ruiz,34,42649 Jacob Spring Suite 666,Robertland,New Hampshire,16664,73.342791,14.440702
Cassie Schmitt,73,147 Cisneros Canyon,Hunterborough,Oregon,19913,47.984371,83.281450
Alexandria Montgomery,80,32665 Anderson Station,Christinemouth,Virginia,18639,105.983971,-13.101563
Cynthia Vargas,63,6300 Samantha Isle Apt. 375,Richtown,Arkansas,88127,-114.686515,-6.615980
Nicholas Peterson,68,922 Lee Crescent,West Coltonview,New York,21620,-91.096459,31.081192
Angela Manning,21,748 Lewis Parkways,Martinezberg,Connecticut,89418,134.695510,-60.3172415
David Brown,74,7985 Beck Gardens,East Kenneth,New Jersey,24710,167.198979,-88.638423
Sarah Alexander,79,20169 Jackson Divide,South Charles,Michigan,27083,16.941360,31.5250015
Melanie Patel,43,4322 Glen Gardens Apt. 503,Christinamouth,Kentucky,39029,103.731116,87.5590045
Elaine Keith,40,023 Jeremy Ville Apt. 956,Fostertown,Maine,13874,55.120552,-21.141857
Brandon Ward,64,59797 Blair Canyon,West Annamouth,South Dakota,82349,-176.239475,9.0821465
William Hahn,59,0900 Laura Spurs,Stephensshire,Georgia,28567,24.699362,64.047451
Lauren White,19,192 Ramirez Dale Apt. 733,Hendricksfort,Mississippi,19648,22.626117,36.3054015
Marco Deleon,29,470 Ferguson River,Fisherberg,Connecticut,12367,172.195716,58.081799
Nicholas Barnes,77,54501 Simmons Field Apt. 324,Lake David,Nebraska,22266,-149.456719,-0.289994
Madison Hall,40,3977 Mathew Islands,North Karen,South Carolina,01051,88.680824,-51.386825
John Freeman,78,4829 Turner Ridge,South Christopherburgh,Kentucky,26855,101.142472,-6.227096
Joshua Mayo,78,31515 Julie Tunnel Apt. 310,Leachfurt,South Dakota,65603,101.482664,-17.125997
Bryan Dennis,45,823 Davidson Coves,Knappview,New Jersey,50948,-74.472044,79.2231535
Robert Bell,62,555 Zachary Ridge,South Dana,Louisiana,72912,128.879931,87.5498625
Kristen Bell,21,4921 Lorraine Square,North Nicholas,Montana,65257,-124.548063,46.7634605
Joshua Mccoy,68,9815 Susan Manors Suite 581,East David,Utah,61392,45.443678,45.0943535
Dr. Peter Hill,68,26214 Patterson Views,Simmonsborough,Florida,07199,-53.007985,71.8251285
William Rivera,39,4445 Richard Cliff Suite 269,Lake Joseville,Hawaii,84049,-85.522956,57.070953
Sandra Meyers,69,3521 Velasquez Forks Apt. 254,West Teresa,Ohio,33167,44.896916,53.084185
Laura Meyer,36,347 Myers Pike Suite 782,West Matthew,Georgia,73856,125.014323,-16.155317
Christopher Garcia,24,626 King Crescent,Adamsmouth,Virginia,99068,-11.539881,78.4440235
Daniel Smith,57,81672 Mays Greens Apt. 261,Lake Brett,Arizona,67919,-25.718287,-15.825819
Leslie Fitzgerald,41,360 Barnes Key Suite 262,West Elizabethhaven,Mississippi,73095,145.877683,-19.304852
Patrick Mccoy,53,00265 Perez Glens,Grahamstad,Colorado,87377,-78.979231,-52.227520
Eric Johnson,46,07720 Thomas Well Suite 354,Michaelland,North Carolina,23164,-140.268090,83.5700745
Kara Pearson,69,223 Leah Circles,East Johnborough,West Virginia,15839,-139.109894,-13.5568075
Sharon Gibson,38,4218 Perkins Dale Apt. 997,New Caroltown,Utah,70614,44.672117,-51.750539
Travis King,69,63897 Andre Camp Apt. 591,New Mary,North Carolina,05924,-46.677411,7.926811
Anthony Smith,42,970 Bass Forks,North Amanda,Mississippi,12772,-83.637728,5.113949
Samantha Vance,37,5270 Beasley Green,Ericstad,North Carolina,09794,172.956843,-28.692594
Eric Ball,22,003 Christian Place Suite 541,New Chelsea,Arkansas,94130,-132.894808,-70.7964015
Anthony Olson,46,6146 Reese Plain,East Justintown,Alaska,38471,-108.571934,-43.014734
Daisy King,31,561 Wang Pass,Andreamouth,Hawaii,46434,179.106814,-59.2721245
Amber Gillespie,22,9510 Lee Tunnel,New Mary,Utah,19272,-41.944068,9.6906815
David Carr,67,6470 James Square Suite 279,Burnschester,Alaska,37706,138.866164,17.098695
James Bautista,45,6040 Susan Manors Apt. 320,East Jasonchester,Idaho,06469,-91.093072,21.435251
Joshua Charles,72,783 Jackson Tunnel,Lake Nathan,North Carolina,81193,90.290568,20.7222245
Evelyn Oconnell,52,38445 Brittany Fords Suite 478,Deniseborough,Delaware,52582,-27.376551,29.5136595
Sheri Jones,73,9288 Hammond Path,Port Jennifershire,Montana,18583,-25.025725,-21.9557955
Mary Taylor,80,0157 Emily Port Apt. 147,Taylorhaven,Nevada,84722,-142.939222,35.8906925
Paula Green,21,426 John Creek,Port Faith,Nevada,16783,-115.161420,-29.0810435
Benjamin Hunter,55,747 Ariel Unions,New Carlos,Oregon,44621,-10.980733,-39.9918325
David Myers,73,65527 Sarah Estate Suite 342,Pettychester,North Carolina,70560,-22.668485,1.9516775
Patricia Ingram,52,330 Malone Glens Suite 716,West Tanyaport,Wisconsin,43237,-107.276184,-71.3581655
Rebecca Donaldson,52,6701 Williams Square Apt. 147,North Edward,North Carolina,18833,-28.599869,60.737319
Kimberly Stanley,32,70365 Frances Dale Apt. 363,Matthewton,Utah,14939,71.223675,-58.3691605
Karen Peters,51,0887 Keith Islands,Port David,North Carolina,45645,-130.516320,-8.8862235
Gabriel Ochoa,71,94333 Smith Locks,New Lisaside,Kentucky,50528,171.965548,-27.4049285
Kristen Mann DVM,48,73025 Peter Orchard Suite 800,Payneville,Idaho,75948,-168.918032,35.181173
Michael Smith,46,2834 Luke Park Suite 211,West Nancy,Washington,29464,-165.290909,-78.3720125
Nicholas Velasquez,64,999 Smith Centers Apt. 533,South Stephen,Nevada,67771,-74.161383,-36.0116135
Gary Olson,75,8739 Wilson Center Apt. 615,West William,Indiana,73934,45.435653,19.478354
Nicole Harrison,53,25214 English Parkway Apt. 706,Jameston,Connecticut,21920,-170.872044,-38.266130
Brent Atkinson,52,91490 Joshua Streets,West Catherinehaven,North Carolina,76761,-5.122781,19.4427825
Michelle Palmer,66,2045 Leon Expressway,South Melaniemouth,New Jersey,48574,-32.332684,86.3040135
Jeremy Moon,50,1217 Hart Ford,Smithmouth,Nevada,26182,-130.222714,5.6283575
Michael Norris,78,3417 Manning Island,South Jon,Wyoming,87616,159.012456,-33.996819
Elizabeth Rosales,46,06183 Nguyen Junctions,Chelseaview,New Hampshire,92530,108.089862,-84.4485295
Heather Wilcox,62,5819 Munoz Mission,East William,Arizona,06055,-70.145091,27.2483325
Catherine Brooks,33,3918 Price Ranch Suite 613,Olsonchester,Alabama,07008,-110.194918,16.714270
Sarah Kennedy,18,360 Rivera Garden,Benjaminfort,Kentucky,99739,-125.107879,88.5171735
Rhonda King,49,1098 Howard Plaza Apt. 511,Perryside,Ohio,33141,-77.310487,29.628102
Amy Hogan,20,807 Waters Port,Juanhaven,Montana,53430,-131.896691,-77.6798615
Franklin Blankenship,73,731 Richard Tunnel Apt. 586,North Josephville,Alabama,22935,24.243312,55.595762
Ellen Thompson,68,0254 Mccarthy Wall Apt. 604,Priceview,Nebraska,90009,154.703176,-37.529428
Michele Grimes,57,141 Hernandez Drives Suite 028,Hamptonburgh,Kansas,66307,89.801881,28.8553425
Wendy Jones,28,200 Melanie Freeway Apt. 062,Johnsborough,Michigan,95757,-92.550635,-89.3222855
Karen Thomas,37,05763 Ernest Walks Apt. 079,Karahaven,Michigan,36146,89.892766,1.9622125
Christopher Brown MD,58,838 Villarreal Dale,New Michaelburgh,Oklahoma,60050,9.241353,-48.560234
Virginia Smith,70,878 Castro View,Lake Tracyport,West Virginia,08066,24.864353,30.8032645
Michaela Griffin,60,021 Smith Street Apt. 220,South Stevenmouth,Missouri,64153,-176.065195,16.1217705
Jill Taylor,43,302 Li Inlet Suite 860,Coopertown,Tennessee,85610,22.517681,-37.7141875
Heather Hines,37,287 Ray Oval,Annland,Hawaii,72337,-21.103188,57.590431
Tara Young,43,07143 Ashley Stravenue Suite 140,South Shawn,Colorado,60739,89.805451,-86.670137
Melissa Jones,49,85992 Mitchell Divide,Maxwellstad,Iowa,97990,60.311285,-15.5550845
Sandy Payne,67,1857 Moore Shores Suite 274,East Carloston,Virginia,70376,-179.123196,77.7364915
Anna Schneider,31,15109 Ramsey Haven,North Shannonbury,Wyoming,53134,18.999687,58.442909
Beverly Ward,34,2846 Allen View Suite 925,Shirleyberg,Nevada,19594,106.659565,54.574792
Dr. Julie Turner MD,28,904 Lee Cape,Baileyland,New York,73183,-69.208703,6.4984815
Angela Elliott,58,6212 Todd Lakes,Mcdanielchester,Delaware,62979,81.339208,-14.054641
Melissa Bryant,51,4092 Bishop Alley Suite 226,Mariafort,Alabama,14859,5.354843,-4.8512095
Benjamin Mullins,61,08518 Shannon Mountains,Avilaburgh,New Mexico,06278,92.310738,-73.6175065
Todd Robertson,30,76074 Reyes Key Apt. 981,Mosesstad,South Dakota,57156,-118.181077,22.552765
Kristina Mills,63,7565 Adams Falls,Hayleyhaven,New Jersey,47167,19.411060,-24.010941
Joshua Shelton,54,3499 Bennett Locks,East Alyssa,Oklahoma,56111,-88.197305,21.297886
Donald Flores,30,0510 Tiffany Plaza Suite 327,Kevinside,North Dakota,47596,-19.687021,-84.631846
Steven Barnes,34,3576 Brown Brooks Suite 522,West Jill,Massachusetts,69452,-63.787695,-28.7347415
Stephanie Hamilton,22,6183 Christopher Circle Apt. 984,Hubershire,Montana,60069,90.154033,-63.009355
Traci Brown,61,686 Salazar Course,North Amanda,Tennessee,88446,46.435808,-6.3967665
Deborah Osborn,31,44212 William Corner Apt. 012,North Amberton,Minnesota,86395,168.291567,5.832469
Steven Marshall,62,30690 Taylor Ferry Suite 929,Port Natalie,Massachusetts,99318,26.580571,-24.2030865
Amy Brewer,66,68830 Cole Overpass,Wadetown,Florida,75283,2.315433,-70.918481
Stacey Bishop,64,28136 Brown Stream,South Michelleton,New Jersey,81726,-54.845523,-4.3341465
Mitchell Velasquez,52,854 Mary Vista,Melissamouth,Florida,89532,78.289174,89.325431
Christopher Bullock,76,553 Sherry Trace,Kelseyfort,New Jersey,80922,-116.794630,-20.1095705
Cody May,74,34179 Meyer Cove,South Bradley,Montana,23824,116.255390,30.687420
Gabriel Richardson,79,46385 Dylan Trail,Port Leah,California,89072,-62.191170,-39.4090555
Diane Hicks,57,05772 Espinoza Court Suite 475,Victoriaport,Arizona,35089,-169.938793,48.4300125
Angela Gray,25,08986 Wu Grove Apt. 105,Nathanhaven,Tennessee,62638,-101.194333,7.726937
Andrea Bates,56,316 Steele Field,Troyshire,California,94039,-65.901912,-11.616932
Daniel Campbell,51,94370 Jonathan Street,Boonechester,Kansas,35253,-130.620064,-56.239166
David Smith,39,5304 Edward Corners,Robertshaven,Massachusetts,22471,78.802630,-46.558372
Gary James,47,779 Tate Inlet,New Geraldside,South Dakota,10051,174.225342,-46.3067635
Melissa Luna,71,5397 Julia Gardens,Lake Christopher,Pennsylvania,06390,-140.852228,25.5780705
Carrie Perry,46,928 Moore Inlet,Garciaside,Texas,19412,-107.864076,-49.4673145
John James,43,280 Michael Squares,North Geraldville,Rhode Island,84255,170.318183,63.6237365
Amanda Gomez,30,527 Washington Dam,Jenniferborough,Nevada,29321,134.046398,55.5656345
Johnny Santana,65,6065 Victoria Avenue Suite 730,South Alicechester,Utah,37818,179.586892,-68.6084155
Mark Lowery,80,39555 Chloe Center,East Mark,New Mexico,76846,8.858782,-75.3040095
Kelly Brown,64,6894 John Estate,New John,Arizona,70991,-43.105329,43.523216
Adam Howard,73,81048 Joshua Tunnel,Laurenside,Montana,73589,-160.001377,-1.877181
Jean Johnson,47,801 Meyer Ports Suite 208,Ashleehaven,Utah,51825,-172.972705,44.607981
William Rios,45,7064 Harrison Trail,Claireborough,Maine,97063,-22.386281,47.3001555
Joseph Lee,69,59248 Leslie Lane,South Christina,Massachusetts,79702,78.669104,49.984634
Melissa Oneill,30,804 Kevin Springs Suite 648,Hughesfurt,Alaska,58702,83.842143,84.8359165
Kristina Thompson,34,3280 Arthur Trail,Edwinfort,Missouri,03108,-74.948575,62.1024355
Regina Simmons,64,4577 Stafford Walks Suite 805,East Michealmouth,Montana,04664,155.965584,-49.7753205
Nicholas Diaz,44,4733 Denise Roads,South Jerry,Nebraska,23732,32.672044,-29.6286345
Mr. Steven Cannon,73,442 Arnold Squares Suite 339,South Carolyn,Indiana,51277,46.756287,-69.617500
Victoria Solomon,71,74690 Sharon Path,West Andrewchester,West Virginia,73404,-140.274207,19.3333735
Michael Taylor,62,9000 Jennifer Courts Suite 485,Thomasberg,Tennessee,27592,16.788863,-66.5724755
Leah Jackson,55,456 Ronald Forks,New Lauren,Florida,76591,127.596040,44.9893905
Suzanne Reynolds,79,79371 Matthew Meadow,West Amy,Alabama,67593,18.164722,-12.543222
Daniel Baker,46,58127 Kimberly Pass,West Emilytown,Virginia,47925,-77.311729,46.304755
Stephanie Coleman,43,0444 Andrew Falls Apt. 280,Lorraineview,Maryland,66765,138.384222,-51.851697
Walter Smith,23,9067 Vazquez Orchard Apt. 842,East Janetmouth,New Mexico,33542,98.416147,81.257706
Carla Nicholson,24,434 Bell Parkways,Harrisburgh,Alabama,88502,153.258287,-29.0711715
Tracy Short,20,9822 Obrien Forks,Port James,New York,88820,18.397831,-49.9666915
Mr. Jason Brown,77,40718 Logan Locks,Rachelborough,Alabama,95178,-91.647835,25.087463
Jennifer Henderson,67,149 Atkinson Courts Apt. 426,New Ethan,Rhode Island,57104,113.518222,51.640740
Paula Combs,63,53480 Michael Street Apt. 358,West Peterburgh,Pennsylvania,69364,24.236901,86.3023065
Angel Dean,37,98221 Jesse Spur Suite 233,East Meganville,Ohio,39377,154.970142,-7.864554
Edward Martin,21,53206 Evans Fords,Cabrerafort,Connecticut,89797,6.761385,76.981893
Miss Victoria Gonzalez,21,74673 Edwards Falls Apt. 102,Thomaston,Minnesota,46104,-89.526294,36.0173965
Dylan Benson,75,816 Baker Walks Suite 782,Andrewmouth,Florida,41001,24.854019,73.7295435
Eric Lambert,21,3214 Wendy Mission Apt. 643,West Thomasland,Alabama,17719,-166.071580,47.603499
Stephen Snyder,43,35125 Hayes Lodge Suite 439,New Sharon,Ohio,76835,-1.150766,73.350640
Mary Rich,45,7487 Reilly Shoal,Lake Sara,Louisiana,89380,148.953923,-33.2096615
Anthony Reyes,35,55251 Cox Inlet,Morantown,Oregon,96307,-91.180687,-6.200682
Paul Craig,51,351 Cheryl Corners Suite 961,Priceborough,California,32102,-21.060967,-80.0398985
Aaron Williams,59,61302 Kimberly Common,Campbellhaven,Arkansas,04836,-66.116848,34.9574505
Charles Joseph,55,3102 Elijah Court,Reyesstad,Arkansas,52278,-125.203122,83.4186425
Juan Grant,32,23402 Suzanne Station,New Kyle,Maine,03957,-6.733850,-73.3578875
Kristina Christian,52,12164 Carpenter Plain,Lake Chad,Montana,74993,-131.937850,15.9459045
Jesus Kaufman,25,012 Rose Pines Apt. 220,Kevinmouth,California,27831,-4.390851,-23.4944285
Jacob Mckay,40,7623 Rice Coves Apt. 193,Myersbury,Michigan,24322,-99.000171,-39.152852
Doris Zavala,64,2642 Sheila Lane Apt. 467,Grantmouth,Delaware,99169,115.289999,59.8458145
Douglas White,53,6601 Jordan Viaduct,Maxwellborough,Washington,53737,59.138290,-62.886680
Heather Alvarez,68,9985 Derrick Court,Port Nancyport,North Carolina,66913,-28.637601,-85.8483925
Laura Smith,79,7175 Sarah Gardens,Aguilarmouth,Nevada,65666,64.556752,-44.070611
Todd Howard,67,23740 Michael Burgs Suite 170,Lake Carlosview,Wyoming,60292,-156.171200,-84.071246
John Anderson,21,6632 Hernandez Courts,East Michael,Wisconsin,65157,-61.475680,16.666567
Caroline Gray,72,045 Hall Knolls Apt. 394,Rebeccastad,Nebraska,44373,-156.071828,17.110879
Ricardo Hester,51,5195 Hess Manors,New Biancaburgh,Nebraska,86731,103.593985,6.140831
Michael Robinson,52,314 Arnold Green Apt. 922,Lake Jessica,Texas,12451,-56.819394,88.4248275
Tiffany Matthews,78,461 Sloan Mountains,South Michelle,Idaho,96943,-129.642724,8.9047105
Christian Young,48,7719 Thompson Isle,Port Donna,Massachusetts,11897,69.948131,-65.585162
Eric Parsons,27,6677 Charles Harbors Apt. 689,North Paul,Wyoming,21715,123.792045,54.2306625
Erik Wells,75,403 Rachel Route Suite 636,Jamesside,Colorado,94947,104.526151,-19.718315
Taylor Perry,73,23706 Stewart Falls Suite 400,Jasmineside,West Virginia,24676,-80.784294,-43.736928
Michael Warren,18,240 Adam Locks,Port Brian,Kansas,15776,47.414189,1.0633625
Sherry Dunn,35,799 Brenda Spur,Courtneyfort,Delaware,34237,103.582794,69.2601815
Colleen Williamson,37,63694 Kristina Throughway,Juliestad,Wyoming,90595,139.862089,65.785725
Traci Miller,70,015 Patricia Isle,Sharonburgh,Massachusetts,30903,162.526514,13.901054
Edward Ochoa,53,7300 Davis Lock Suite 201,Davidport,Colorado,17182,-20.655507,60.315950
Scott Brown,69,1992 Ferguson Springs,East Anthony,West Virginia,28189,-134.766969,56.0004995
Carolyn Caldwell,63,78409 Cooke Trail,Port Alex,New Mexico,85011,43.707521,-7.6433155
Amanda Hernandez,71,8392 Michael Shore,South Kimberly,South Carolina,55677,-73.096941,13.3533405
Andrea Jarvis,62,0396 Heidi Field,Port Justin,Arkansas,06263,-164.344091,-26.386305
John Jenkins,44,361 Hansen Fork Apt. 785,Williamside,New York,70880,-166.987107,45.3073385
Susan Shepard,47,79954 Williams Trace Apt. 715,New Megan,Texas,98963,-83.728601,-88.4206375
Bryan Flores,18,9475 Dennis Spurs,East Jenniferfort,Ohio,90494,152.761168,-56.1734415
Ryan Fisher,55,2627 Perez Meadows,South Brian,Idaho,07585,-27.097699,-10.4238675
Ryan Williams,29,514 Jenkins Mountain,Michaelhaven,Virginia,49715,-33.956848,47.633810
Robert Mitchell,66,75643 King Neck,Lake Tiffany,Virginia,21198,86.577172,7.009348
Sabrina Jones,50,22222 Cisneros Mountains,Mendezberg,New York,89211,-148.520699,86.654949
Gregory Schneider,65,86057 Evans Parkways Apt. 607,East Charlesstad,West Virginia,04182,-71.456004,-47.6815085
Matthew Cox,26,609 Kenneth Port Suite 499,East Albertmouth,Mississippi,06425,-90.530490,-63.1545725
Adam Dunn,55,0979 Philip Neck Suite 417,North Tyler,Nebraska,78024,40.448951,75.5916235
Tanya Lewis,43,5971 Jessica Corners,Joelhaven,Oregon,13997,128.879395,64.227077
Beverly Palmer,79,7427 Butler Corners Apt. 324,Veronicaview,Hawaii,56529,-9.685601,11.0732545
Amy Owens,46,6749 Jeffrey Center,Johnsonhaven,New Jersey,00862,11.027281,59.019225
Lisa Sharp,65,1659 Vargas Fords Apt. 985,Zacharyfort,Maryland,73242,3.407500,66.142798
Jimmy Kline,36,237 Deanna Falls,Nataliehaven,Utah,80575,100.870551,74.7317405
Charles Moreno,31,51423 Allen Junction Suite 062,Port Jessica,Louisiana,22425,163.931647,12.080190
Ms. Sara Faulkner DDS,53,271 Kidd Cape,Port Jessica,Wisconsin,96253,21.430692,-77.3494325
Angela Schultz,71,9100 James Glen,Millerton,Mississippi,46035,88.250405,-31.5355215
Sonya Barron,73,0744 Sarah Haven,Hoffmanborough,Oregon,24416,-13.764274,-36.834585
Jose Gates,79,41585 Shannon Valleys,Bridgetchester,Oregon,55426,9.350591,79.909551
Alicia Salazar,68,68411 Chan Hills Apt. 817,Jeremyfort,Tennessee,72860,2.964090,-65.3714825
David Murray,58,367 Jones Views Apt. 514,Lovetown,Delaware,23362,92.407577,-63.229159
Larry Powell,27,568 Montoya Crossing Apt. 108,Reidmouth,Pennsylvania,25298,-106.778149,-72.419266
Elizabeth Clark,19,45281 Steven Key,Hammondside,Michigan,57997,-89.269773,-46.2790945
Sherry Lloyd,20,34014 Garcia Ford Suite 649,Hendricksstad,North Dakota,68988,-169.892086,-79.752382
Rebecca Patrick,80,6904 Rodriguez Ville,North David,Mississippi,37374,-132.155060,85.445367
Sarah Mathews,80,7201 Andrea Skyway Apt. 322,Danielville,Alaska,36882,-38.283751,-35.780830
Chelsea Villarreal,46,53410 Montgomery Trail,South Matthew,Texas,08432,-1.298048,27.790443
Mrs. Julia Bishop,43,557 Manuel Wall,Port Jefferyville,Maine,39503,8.991805,0.6359875
Jeremy Cantrell,49,9837 Elizabeth Road,East Nicholasland,Pennsylvania,26929,-150.050761,20.9262675
Stephen Mccall,80,40098 Angela Parks,Juliefurt,Colorado,50746,-65.658799,58.965203
Amanda Howell,70,2318 Campbell Mill,Mcdanielmouth,Oklahoma,71834,137.491899,-60.821978
Amanda Anderson,57,117 Richard Course,Quinnmouth,West Virginia,08890,-42.315050,-22.1409715
Joseph Elliott,53,7992 Porter Spurs,Karenfort,Indiana,88340,-152.865607,51.2138345
Edward Colon,55,2465 White Orchard Apt. 815,Lake Jackburgh,Michigan,88207,110.071950,-36.0637645
Emily Smith,58,1201 Ramirez Turnpike Suite 683,New Maria,New Mexico,86788,84.348419,57.9950715
Angelica Lane,57,34208 Young Trafficway,Stewartside,Indiana,48300,153.107827,74.635554
Tracey Dyer,77,103 Johnson Spring,North Shannonmouth,New Mexico,28918,-29.147587,-68.0626005
Rebecca Carter,79,26793 Williams Parkways Suite 129,Walkerton,Delaware,86127,31.826080,-77.253212
Elizabeth Hall,19,354 Cross Mews,East Jose,Vermont,24649,-84.313024,-0.325624
Perry Lee,61,702 Gonzalez Spurs Apt. 652,New Sheilatown,Delaware,85677,-90.748970,21.258183
Yolanda Hobbs,38,036 Fox Springs,Lake Alexanderstad,Connecticut,05426,101.985191,-6.3608695
Katelyn Thomas,80,5466 Christopher Shores Suite 738,Patriciastad,New Mexico,62663,54.208142,20.592528
Brenda Rowe,61,5316 Gross Estates,South Jordanport,Texas,97596,-53.399942,-61.4727425
Todd Yates,43,2296 Gutierrez Key,Lake Cristina,Oklahoma,99586,-178.315090,-11.640695
Katie Ellis,66,56899 Miller Vista,Port Brendamouth,Minnesota,65570,161.049216,-74.472551
Heather Woods,49,3980 Omar Crossroad Apt. 599,Jeffreyland,Missouri,86350,-115.321225,26.1583775
Anne Stevens,61,7138 Katherine Shoals,North Angelabury,West Virginia,97130,33.479603,66.651566
Kenneth Bell,31,492 Pamela Mountains,South Andrea,Alabama,19720,18.612419,-82.7844705
Mary Allen,26,343 Juan Common Suite 411,Lake Meganport,Florida,10565,-160.833898,44.726818
Michael Snyder,59,1791 Stefanie Oval,Lake Jared,Colorado,10464,75.275926,-3.8550715
Jesse Jennings,28,228 Morrow Manors,Maryborough,New Mexico,19166,-131.731020,-4.8319305
Oscar Brock,51,21559 Watkins Pass Suite 248,Port Stevenfurt,Massachusetts,12711,-171.567563,-69.9165305
Raymond Lynch,68,1816 Anthony Meadows Suite 671,South Gregory,Delaware,86828,-43.329144,-57.2223165
Steven Walker,67,771 Kyle Burgs,Allentown,Oklahoma,91255,-38.042081,-62.1311105
Madeline Nguyen,39,877 Turner Drive Apt. 058,Taylorport,Iowa,71970,-179.688675,11.261025
Paul Francis,76,0988 Alex Glen Apt. 426,Katiehaven,New Hampshire,55125,142.797861,-55.989255
Carolyn Mueller,52,12087 Amanda Well,South Amy,Kentucky,11213,-126.365323,-89.674055
Susan Marshall,64,9187 Gregory Passage,Charlesstad,Maryland,33178,50.833631,53.900543
Anna Velazquez,68,1970 Jared Inlet,East Breanna,Louisiana,55639,-158.121619,5.090962
Joseph Adams,72,57269 Reyes Greens Apt. 191,New Jacqueline,Delaware,28967,-22.386418,-12.273224
Amy Thompson,68,2512 Mackenzie Ferry,Katiefurt,Maine,49108,-174.420772,43.248594
Aaron Welch,45,9384 Gutierrez Ports,Port Amybury,Delaware,93894,-100.865346,68.4039235
Patricia Braun,38,94444 Serrano Knoll Apt. 642,South Dianemouth,Hawaii,92959,-40.526864,78.1975545
Teresa Olson,53,3973 Dale Alley,Kaylafort,Kentucky,01853,135.155691,-5.5283175
Marilyn Hernandez,45,68895 Jon Terrace,Elizabethbury,Kentucky,26448,-130.801289,-71.3605335
Caleb White,44,077 Douglas Alley Apt. 039,Stephanieland,New Hampshire,07825,-126.175830,8.2362265
Reginald Sanchez,68,427 James Heights,South Hannahmouth,Colorado,21279,-14.869479,24.762299
John Martinez,43,089 Jeremy Point,North Mercedes,Alaska,25819,134.438248,-73.228322
Tyrone King,56,372 Thomas Ridge Apt. 307,West Perryberg,Kansas,00861,-114.951668,-28.5053545
Brian Stewart,35,01835 Martinez Square Suite 797,Port Jennaville,Wisconsin,95027,-147.531725,57.164157
Nicholas Lewis,33,830 Joseph Trail,New Zoefort,West Virginia,24710,62.047074,-15.7180565
Rebecca Morris,43,4160 Cook Plaza Suite 780,Deckerstad,Arkansas,56717,-60.568210,85.184687
Dominique White,59,809 Rodriguez Rue,New Felicia,Minnesota,58547,-56.788754,40.2933515
Mrs. Sandra Pearson,72,10636 Hays Meadow,Port Robert,Colorado,44880,110.068340,-13.713419
Elaine Mcgee,46,296 Silva Branch Apt. 855,South Tamara,Alabama,64796,29.835601,-0.3270505
Jennifer Jones,57,1553 Henry Burgs Suite 243,Christopherbury,North Dakota,54335,-54.159108,-24.8491585
Christopher Soto,60,41227 Kennedy Villages,North Stephanie,Tennessee,69892,-159.052741,64.7753265
Samuel Odonnell,20,735 Thomas Forges Apt. 341,Port James,South Carolina,30847,152.623773,-35.8548615
Vincent Khan,66,063 Bernard Locks,West Annette,Maine,95289,-7.113469,-36.672339
Jon Williams,61,46577 Travis Landing Suite 986,Davisshire,Montana,68326,50.526572,-68.4451475
Lorraine Watts,38,3309 Stephanie Path Apt. 809,Kingland,Louisiana,66240,-73.277629,10.800714
Amy Torres,77,10024 Graves Village Suite 771,Brownburgh,West Virginia,87687,-43.233571,-81.584744
Laurie Fox,49,62131 Brittany Hollow,Froststad,Missouri,11928,-51.300879,44.2202525
Kim Newman,33,81262 Amanda Unions Suite 924,Rosaleschester,New Mexico,25044,89.861225,-71.734583
William Carter,55,17350 Thomas Ville Suite 480,Evanston,New York,71490,-87.231941,52.3721815
Tony Forbes,19,324 Frost Loop,Port Amy,Colorado,33528,-154.271144,-69.589940
Dr. Savannah Jones,65,2879 Andrea Corner Suite 301,Bryanmouth,New Hampshire,95638,-10.731573,20.052698
Holly Ramirez,31,4977 Andrew Drive,Blakebury,Hawaii,62836,-73.371522,64.560230
Amanda Garcia,53,6974 Monica Rapid Apt. 486,West Kathy,Iowa,02878,123.238945,-75.618447
Tracie Jackson,22,8770 Nicholas Passage,Hernandezview,West Virginia,80747,-179.334003,-12.173226
Brent Anderson,41,260 Christine Bridge,Phillipsview,New Mexico,96929,-52.419708,38.4823375
Tracy Lam,54,211 Peterson Parkways Suite 770,Perezport,North Carolina,80408,106.224050,-4.318388
Michael Riley,71,6017 David Summit,Port Frankchester,New Jersey,88755,-101.307572,61.709564
Douglas Wells,79,187 Amy Pike Apt. 721,New Rebecca,New Hampshire,09805,-131.814175,-47.529348
Daisy Copeland,42,94098 Margaret Centers,Nicholasberg,Florida,71724,110.823410,79.7958545
Anthony Jacobson,45,710 Melissa Ports,Lake Thomas,South Dakota,33456,14.201718,61.827995
Kirk Smith,42,0932 Nicole Brook Apt. 259,Port Kristybury,Texas,56141,-117.510930,-80.4013015
Carrie Webster,57,7467 Lynch Knoll,South Garrettside,Alaska,35580,120.205322,-89.127330
Frank Martinez,60,59815 Shah Stravenue Apt. 244,East Christopher,Kansas,05597,158.599156,-21.284991
Richard Chung,38,688 Nelson Expressway,Alexandermouth,Oregon,83478,-132.222960,80.354488
Joseph Frank,28,448 Delacruz Shoal Apt. 734,Romeroside,Wisconsin,95183,27.594931,-38.693491
Donald Russell,52,801 Bass Crossroad Suite 699,Ferrellmouth,Rhode Island,88091,105.183354,86.8649255
Samuel Sparks,56,565 Garcia Vista Apt. 867,Bellshire,Vermont,12355,178.682411,34.743386
Kenneth Ballard,69,5557 Francisco Summit,Port Matthewton,South Carolina,60487,65.282375,-32.1537465
Becky Ortiz,54,21030 Harris Highway,Thorntonhaven,Maryland,21171,-70.663904,-80.2132535
Timothy Little,67,198 Stefanie Way,New Tim,Mississippi,63569,134.865427,-27.648526
Roberto Rojas,69,8118 Gregory Manors,North Jessicastad,Michigan,59340,34.144299,89.7407725
Erik Kim,25,978 Karen Walk Apt. 224,Ericmouth,Georgia,89336,24.006480,32.179540
Mrs. Maureen Thomas,51,250 Hampton Views Apt. 008,South Kathleen,Idaho,58278,-40.532245,-5.008317
Amy Ward,58,1199 Johnson Canyon,Port Chadfurt,Kentucky,55885,17.798463,35.1668085
Ronald Robertson,35,9604 Elizabeth Villages Apt. 391,North Erinborough,Nevada,67873,35.257937,-5.186293
Amanda Lewis,28,242 Kim Well,Lake Lauraburgh,Wisconsin,35929,-149.980737,-19.4394635
William Frazier,60,278 Cunningham Stravenue Apt. 938,North Kevinhaven,Delaware,98822,-99.900768,-88.7914335
Angela Jacobson,58,4403 Bryce Rapids,Lake Mariafort,Mississippi,95627,82.580993,2.1382725
Gail Williams,64,900 Carson Island,New Michelletown,West Virginia,49304,12.851932,82.2769925
Sabrina Moore,61,038 Jessica Center Suite 828,Vasquezfort,Minnesota,63486,164.889054,-89.1497485
Raymond Bowers,37,1323 Michael Ramp,Terriview,Oklahoma,96346,-82.219547,-0.3756385
Matthew Perry,61,428 Smith Brook Suite 515,East Samuelmouth,Montana,58796,132.341869,72.014737
Alison Ward,70,5441 Schultz Shoal,Lake Jason,Delaware,53458,-80.951061,54.964642
Gerald Brooks,18,03473 Skinner Plain,Dixonmouth,Georgia,11189,-26.274202,8.5597595
Cathy Webster,59,71672 Lindsay Center,Englishmouth,Hawaii,10244,-83.542340,-12.7058185
Cheryl Jackson,67,10499 Best Keys,Suttonberg,Connecticut,61190,64.948282,-59.270439
Christine Johnson,79,965 Timothy Viaduct,West Samanthahaven,South Dakota,34055,152.704995,78.9222505
Denise Taylor,76,7660 Kevin Islands,New Jillianfort,Maryland,83641,-171.258875,-35.5201845
Brandi Hawkins,20,3480 Jessica Throughway Suite 894,West Elizabethtown,Idaho,99443,-130.520334,-66.277942
David Davis,51,3090 Alexandria Fall,Dianatown,Texas,40224,-113.584694,-74.374813
Wyatt Cunningham,70,142 Roberts Mountain,Lake Sarabury,Nevada,78822,103.456918,-74.6421405
Brian Velez,47,9703 Raymond Field Suite 645,Marksmouth,Minnesota,58663,63.103102,-13.651929
Bryan Robertson,61,91565 Banks Cove Apt. 997,South Marychester,Delaware,50872,86.654940,-70.6253955
Mr. Craig Banks MD,69,35280 Scott Ford Apt. 479,Christopherton,Tennessee,61756,64.546212,7.2783495
Michael Thompson,21,52941 Richards Harbor Apt. 202,Torresland,Maine,99668,-83.367672,27.3759825
Jennifer Erickson,68,3276 Alfred View Suite 705,Loriport,Alabama,93055,-65.848142,54.290976
Jasmine Holt DVM,18,08895 Turner Stravenue,North Amanda,Tennessee,32143,44.877835,-48.8911885
Christopher Miller,34,4606 Burke Run Apt. 786,South Roberthaven,South Dakota,84851,13.964506,-13.2052715
Samantha Dawson,48,108 Smith Centers,East Sean,Kansas,20198,-45.481111,39.3373895
Kyle Garcia,68,75586 Atkinson Plains,Port Kimberlyton,Pennsylvania,08990,-42.912639,-20.769418
Amy Little,45,547 Lee Orchard Suite 102,East James,South Dakota,23477,71.772468,-12.2155805
Janice Roberts,20,866 Michelle Islands Apt. 565,Bradfordmouth,Oregon,43000,70.651887,8.581482
Edward Salazar,47,94398 Spence Islands Apt. 223,Desireeshire,Hawaii,58315,-132.578476,-49.342701
Adam Obrien,59,257 Angela Springs Suite 003,New Philliptown,Montana,04229,82.962706,26.811865
Veronica Johns,47,822 Maurice Square Apt. 868,Snyderstad,Alaska,87358,-61.974030,31.446522
Scott Leon,50,77339 Scott Street,Jessicaview,Tennessee,06855,147.733482,20.629257
Jacqueline Dyer,27,692 Smith Isle,Port Randall,New York,71388,-93.668467,-41.2433025
Mark Gutierrez,18,460 Scott Tunnel,Andersontown,New Hampshire,93302,-63.082706,-41.807064
Jessica Norris,78,546 Diana Common,Bryanside,North Dakota,07073,-160.451031,76.080952
Kimberly Rowe,18,583 Reyes Harbor,New Matthewborough,Florida,78646,148.620000,18.1366735
Miss Julie Cole MD,33,7870 Joel Courts,Lake Terryshire,Texas,63402,-144.610162,54.0405035
Danielle Garcia,75,279 Laura Key,Wilsonton,North Carolina,55814,160.113005,-18.4196175
Jacqueline Nichols,42,465 Henderson Plaza,Hortonland,Montana,83482,50.732261,9.210037
Julie Scott,68,3108 Rogers Roads Apt. 588,Wilsonchester,Idaho,31703,141.447039,11.7264665
Robert Forbes,78,46415 Katherine Harbor Apt. 395,Roseburgh,Nebraska,77464,-27.193708,-81.856280
Carmen Young,72,5124 Johnson Oval,Port Kyle,Alaska,29578,-119.015033,-49.088665
Douglas Hines,18,446 Floyd Terrace Suite 864,East Mary,North Carolina,50705,151.162484,36.591993
Charles Stephenson,27,9575 Leslie Camp,New Darren,South Carolina,50171,-60.999222,-22.712943
Debra Roberts,75,7150 Shelley Isle Apt. 380,North Cameronburgh,Arkansas,24059,157.796416,-20.7044615
Kathryn Washington,63,177 Nelson Harbors Suite 478,Edwintown,Kansas,17381,108.079034,68.871600
Jennifer Hall,33,9652 Joshua Passage,Andersontown,Hawaii,56652,-95.780821,6.0283535
David Wright,44,4036 Gerald Fields Suite 835,Christophershire,Montana,07342,168.614986,-72.4330015
Sergio Reyes,58,5793 Donald Vista,Erinburgh,Nebraska,61877,75.728514,60.4816155
James Jackson,37,206 Stark Burg,West Eileenbury,Florida,94479,55.978889,-68.0733885
Brandon Green,18,11060 Brian Plaza,West Kathrynborough,Minnesota,98429,70.046833,13.3503315
William Henson,68,60310 Smith Lock,East Laurastad,California,64768,-87.633298,-54.577113
Randall Hernandez,35,0989 Jones Prairie,Lake Shelbyburgh,Virginia,41369,-83.898788,-49.302271
Elizabeth Hawkins,26,229 Caroline Springs,Tylerchester,Arkansas,04953,129.634042,-36.719962
Henry Oliver,19,89950 Michelle Terrace,Hernandezstad,Kentucky,96857,-129.886993,36.8587845
Bradley Johnson,46,488 Tanner Plains Suite 176,North Michael,Arizona,42639,-29.857127,2.098644
Valerie Mckenzie,67,1014 Reyes Knolls,Whitechester,West Virginia,59160,119.483070,-47.138844
Jessica Rhodes,57,507 Caitlin Ports Suite 526,New Joseph,Texas,52121,36.167031,-59.118292
Christy Weber,46,4412 Nathaniel Skyway Apt. 884,Gregoryton,West Virginia,57336,-150.317796,-71.716796
Diane Sloan,45,3001 Hogan Plain,Port Justin,Utah,21379,-75.156030,-22.860967
Barbara Brown,28,70243 Edwards Path Apt. 295,Torresport,Idaho,52812,161.671341,-58.752085
Marcus Anderson,40,7402 Alexander Circles Suite 492,North Andrew,Oklahoma,83430,-83.067509,18.768516
Sarah Allen,18,598 Alyssa Harbors,Loganbury,Missouri,55577,-119.784304,11.539824
Leslie Murphy,49,9598 Zachary Mall Suite 110,Kevinberg,California,99638,-149.113818,35.056804
Calvin Gross,43,66270 Jeffery Centers,Rhodesborough,Nebraska,21658,-140.217942,-35.790765
Kerry Nelson,33,54415 Teresa Village Apt. 325,East Thomas,Colorado,11197,-22.212072,-68.039261
Jerry Garcia,69,390 Burns Station,North Lisa,Georgia,76201,71.447995,-3.6673085
Joshua Smith,33,75612 Terri Avenue,Gonzalezville,Arkansas,92228,-107.687159,37.078448
Mandy Reynolds,34,844 Shaffer Flat Suite 650,Port Ryanshire,New Jersey,78332,114.349675,-43.213430
Tammy Grant,72,14470 Joseph Track Apt. 412,Boyerbury,Missouri,77739,-11.089176,27.814608
Justin Durham,74,78346 Graham Loop,Hendersonland,Oklahoma,59341,-147.947429,-59.161320
Rebecca Perkins,46,065 Stacy Lights,South Ryan,Utah,46346,140.094332,27.674596
Eric Rodriguez,21,198 Andrew Point,Mccartymouth,Texas,80422,111.441458,30.174597
Michelle Reese,62,68299 Caldwell Isle,Munozside,Hawaii,69274,159.389519,45.014010
Krista Mejia,33,133 Sarah Run,New Taylor,Pennsylvania,05079,-114.040513,-79.9653105
Dillon Williams,35,61191 Paul Mill Suite 451,North Bridgetville,Illinois,67072,150.726022,13.008055
Cameron Jones,77,304 Rich Mountains,Amyhaven,New Hampshire,41870,1.359840,-45.1791505
David Jackson,19,2029 Brown Row,Bergborough,Wisconsin,75980,-155.422786,-67.5262345
Patricia Woods,62,0271 Shelton Heights Suite 025,East Amandaberg,California,35571,128.160940,14.1654785
Tyler Gomez,38,9266 Zamora Manors Suite 657,Lake Zacharyfurt,Michigan,14459,-134.944345,12.027009
Raymond Washington,47,69007 Jennifer Hollow,Meredithton,Indiana,43850,-20.185282,48.0644945
Gregory Howard,68,3366 Barr Forks Suite 337,Nicoleberg,Alabama,58226,169.824473,89.744959
Jessica Blankenship,31,72519 Buck Mill Apt. 464,Jeremiahberg,Ohio,06191,-112.441578,41.591016
Victoria Price,73,4389 Travis Spur,New Nicholasfurt,Alaska,75717,139.575597,-43.473375
Isaac Johnston Jr.,58,06083 Lauren Mount,Port Anthony,Delaware,42608,130.549626,33.7088945
David Patterson,41,520 Destiny Loaf Apt. 362,New Nicolemouth,Louisiana,29249,72.768475,32.0345385
Amy Davis,70,18982 Garza Views Apt. 835,Sandersfort,Rhode Island,69946,136.985424,25.154019
Mary Hill DVM,60,210 Stevenson Turnpike Suite 477,Whitneymouth,West Virginia,67369,-160.940378,28.8625275
Timothy Vaughn,31,17485 Brady Summit Apt. 551,East Sarahchester,California,31567,163.563358,88.2184505
Tara Perry,80,04074 Hannah Walks Suite 432,East Dorothy,Utah,01796,63.446479,-39.602169
Daniel Abbott,79,19732 Brown Mill,Curtismouth,Utah,36161,1.998051,-1.4608725
Jeffrey Ramirez,59,06688 Nicole Pines,West Tanya,Mississippi,27676,-9.308150,-9.5038645
James Pratt,33,956 Alexa Meadows Suite 488,North Derekside,Idaho,77099,33.917568,-29.4447615
Lauren Taylor,56,26507 Patterson Corners Suite 157,Amandaport,West Virginia,04940,-82.624728,75.0720885
Emily Francis,78,482 Matthew Run Apt. 729,West Ryan,Wyoming,84372,-76.695960,44.9082335
Heather Beck,46,7711 Gary Tunnel,Elizabethshire,Washington,27088,71.835391,-32.6228355
Lindsey Smith,78,326 Katelyn Center Suite 921,Pachecotown,Pennsylvania,45518,-29.808965,-65.2585285
Larry Davis,39,3309 Figueroa Port Suite 615,Audreyside,Illinois,45781,70.071917,-38.480299
Charles Gonzalez,64,05330 Howard Coves,South Julie,West Virginia,08004,-66.748699,71.2827915
Leon Poole,64,205 Powell Ridge,North Jennifer,Iowa,57277,42.047419,40.4565255
Michael Small,26,6576 Farrell Estates,South Joseland,Massachusetts,50679,57.178031,-38.594832
Laura Olson,72,76118 Jason Mountains,Davidfort,Rhode Island,98698,-48.783016,85.169447
Ellen Romero,59,356 Gonzalez Via Apt. 924,Josephfort,Indiana,62157,-33.709978,-70.251822
Peter Smith,23,8272 Rich Harbor,Jeffreyton,New Jersey,28179,-73.153534,79.363929
Andrea Mckenzie,38,9463 Kendra Track,Lake Russell,New Hampshire,79801,73.058361,32.6794935
Isaiah Hunt,80,05608 Boyer Parks,North Nancy,New York,74460,-113.799107,19.1337425
Andrew Sanchez,21,607 John Forks,South Scott,West Virginia,77275,-148.288908,63.868328
Michael Maldonado,63,96416 Smith Freeway Suite 315,Rebeccamouth,South Carolina,30799,-130.407643,36.659063
Joseph Smith,36,26774 Knight Garden Apt. 577,Stephaniehaven,Utah,28042,14.492955,75.0560035
Edward Clark,37,4075 Madison Plaza Apt. 717,Brianberg,New Hampshire,64127,62.978198,48.5376575
Kelly Marks,45,84149 Mitchell Forge Suite 435,Millerberg,Maine,80258,-57.495907,-29.248252
Christopher Murray,66,3758 Thompson Lane Suite 987,South Stephanie,Mississippi,97830,-50.801355,73.8730945
Michael Matthews,19,7598 Anthony View,Thomasport,Maryland,82649,-65.576649,36.1842995
Daryl Howell,31,509 Evans Point,East Eduardoland,New York,58013,165.199242,15.881428
Gregory Perez,51,750 Kimberly Branch,Brandiville,Oregon,84942,12.495508,-61.5445555
Eric Miller,71,60704 Nguyen Stream,Spencerville,Georgia,11033,-176.174958,-86.0780915
Kathy Harris,64,049 Wu Ridge,Normanton,New Hampshire,23284,-84.015539,49.3611025
Trevor Farmer,51,12853 Humphrey Viaduct Apt. 886,South Laura,West Virginia,77603,63.511990,62.1359555
Stephen Johnson,47,95161 Gardner Stravenue,Littleberg,North Dakota,30857,-12.277356,-10.343819
Rebecca Avila,23,920 Olson Wells,South Michelle,Kansas,68463,97.262628,-54.550223
Paula Patterson,42,030 Angela Fall Apt. 679,West Jeremiah,Delaware,60543,-45.003904,-75.856651
Mr. Anthony Kane,36,292 Dickson Glen,East Scott,New Jersey,19945,-53.298970,71.6607585
Holly Mcpherson,62,4971 Wanda Extensions,Turnerhaven,South Dakota,79604,61.075109,28.996996
Valerie Thompson,50,6839 Cheryl Meadows,Youngland,South Carolina,92545,114.443039,17.1625765
Eric Rodriguez,53,7292 Jill Lane,New Ebony,Tennessee,55526,-47.354238,-42.3678325
Monica Sanders,43,89790 Jeffrey Stravenue Suite 321,Port Daniel,Vermont,43360,-68.381065,51.0407325
Lisa Powell,58,138 Burke Corner Apt. 757,Port Thomasmouth,New Mexico,92346,-98.614815,71.0949385
Daniel Hardy,43,8245 Mendez Field,North Franciscoborough,Arkansas,43303,36.094228,61.2005535
Rebecca Garcia,61,502 Rachael Stravenue,Julialand,Missouri,55731,-15.883895,-17.1666795
Ashley Clark,19,99986 Katie Canyon Apt. 114,Carolbury,Mississippi,04737,-72.970986,-68.9109295
Erica Boyer,51,18866 Liu Prairie Suite 797,New Maureenville,Virginia,80561,104.622289,-56.574350
Cameron West,19,570 Booth Pines Apt. 675,South Lisaborough,Wisconsin,87592,174.368922,-58.0156875
Steven Moore,80,1457 Brian Point,East Dylan,Texas,02783,74.992214,47.6440335
Mary Dickerson,49,37578 George Viaduct Suite 578,Rileymouth,Indiana,31401,112.857542,-32.586390
Bradley Tate,41,308 Travis Pass Apt. 913,East Vanessa,West Virginia,90249,113.393187,51.1024185
Timothy Gordon,19,874 Michael Lights Suite 625,East Sarah,Rhode Island,99712,-60.547142,-29.548197
Dalton Griffin,55,7695 Morrison Vista Apt. 083,Kevinmouth,Kentucky,56539,-47.578841,33.262351
Kerry Thomas,48,0744 Peter Lodge,New Coreyfort,Arizona,92795,28.529746,-47.1328995
Rebecca Jordan,70,61330 Barbara Meadows Apt. 215,North Joy,Indiana,40732,59.650048,81.5979455
Patrick Torres,78,594 Anderson Club,Franklinville,Virginia,93982,-79.550722,-75.961082
Jonathan Long,78,073 Nicholas Meadows Suite 693,Port Janeville,Nebraska,77246,88.459468,-9.262126
Russell Rodriguez,68,59213 Ramirez Drive,East Meagan,Montana,09627,19.426950,-18.6918605
Stephanie Chapman,20,35372 Kristina Valleys,Nicolemouth,Oklahoma,62533,46.802530,-61.7603305
Patrick Wheeler,28,45753 Dalton Fort,North Robertborough,Nevada,92594,-68.470682,69.650622
Rebecca Ball,45,06668 Michael Stravenue Apt. 498,Wilsonborough,California,61886,41.307961,-44.7674715
Donald Dickson,57,8291 Savage Turnpike,Taylormouth,Texas,36312,-48.061308,9.6834275
Isabella Hurley,29,41742 William Key Suite 957,New Allison,Alabama,54915,176.242801,-38.9784225
Jonathan Harrison,52,0804 Anna Union,Josephview,Arizona,54657,-130.282469,44.163698
Maria Johnson,44,67332 Wilson Loaf,Perezbury,Nebraska,15872,154.911247,-25.0878015
Kara Garza,36,8432 Noah Corner Apt. 232,Perezburgh,North Dakota,05927,-119.282889,-82.6032905
Michele Washington,39,908 Rebecca Trail,North Brianna,Mississippi,56777,52.457735,-75.1860005
Timothy Ford,62,804 Roberta Fort,Port Lisaland,New Hampshire,16162,-60.361277,85.6250685
Mrs. Jane Tate,40,409 Alexander Run Apt. 218,Cameronport,New Jersey,53092,-132.288346,77.0486065
William Cannon,43,99290 Jones Burg Apt. 571,Lake Christopherchester,Michigan,97180,-18.507893,-23.8282395
Cameron Miller,77,53341 Lambert Islands,North Barbaraland,Indiana,91056,-92.748255,21.4722025
Rodney House,40,722 Elizabeth Park Suite 467,Sethtown,California,98056,143.504641,-8.693424
Jeffrey Edwards,74,290 Kelly Throughway,Gonzalezhaven,Oklahoma,03567,-75.578514,24.223519
Haley Jimenez,53,1894 Marquez Trafficway Apt. 593,East Nicoleport,Nevada,16504,-25.095527,-12.9369755
Alexis Kelly,25,8234 Wesley Tunnel,Ryanfurt,Ohio,77340,-165.657449,-13.4477455
Lee Harrington,27,002 Smith Mountains,South Gerald,Georgia,12514,-42.528857,-19.0343635
Stephen Brown,43,1583 Larson Unions,North Claytonborough,Alabama,06231,63.151992,85.134672
Heather Scott DDS,77,33753 Duncan Meadows,Crystalton,Arkansas,67235,132.300723,-68.9664835
Kelly Jordan,34,31796 Cook Cove Apt. 732,Michellestad,New York,68309,30.992405,60.6622755
Dale Gillespie,47,990 Samantha Freeway Apt. 542,Riverachester,Michigan,52066,-85.613626,65.6141625
Stacey Jones,34,3423 Abigail Drive,West Ellen,Kansas,73891,111.857701,51.4093075
Mark Golden,80,57951 Crosby Cape,Cookside,Nebraska,22917,-170.999875,-50.4330605
Nathan Parker,59,84831 Smith Mount,Johnathanborough,Delaware,97360,-97.234720,6.309461
Christopher Johnston,18,42943 Amanda Lane,Sandramouth,Utah,16955,74.393509,-24.5513115
Kenneth Combs,19,286 Powell Rue Suite 639,South Richard,Indiana,38090,127.696366,-30.197094
Mr. Travis Wilson,19,0066 Marilyn Springs Apt. 052,Velasquezfort,Illinois,81231,-97.504755,-27.5456715
Rebecca Yu,52,271 Lisa Walks,Millerbury,Montana,45296,-149.153655,87.201182
Kathleen Roth,48,36835 Dennis Pine,West Jennifer,Indiana,36770,-49.024949,9.6265465
Matthew Page,39,73684 Richard Viaduct,Port Lorraine,Illinois,94583,114.850438,45.172427
Daniel Dean,62,28260 Bryan Ridges Apt. 544,South Alyssastad,Oregon,18421,170.326060,58.9811865
Richard Petty,24,813 Evans Vista Apt. 683,Bakerview,Montana,55951,80.185299,40.418208
Gary Clark,27,188 Stout Camp Apt. 233,Lake Andrewtown,New Jersey,22964,41.331126,-53.026570
Alyssa Andrews,27,98754 Catherine Fall Apt. 318,South Lindsay,Louisiana,26941,84.095681,3.685367
Paula Sullivan,30,459 White Spur,Walshville,Alaska,10513,97.461595,29.5995375
Valerie Walters,77,901 Denise Shores Apt. 730,Escobarland,Hawaii,53620,167.297504,38.7447665
Chase Miller,40,0486 Wright Throughway,Annashire,Kansas,99414,168.043831,6.0737275
Ronald Carroll,45,518 Vickie Port,East Phillipfurt,Massachusetts,73067,-67.189789,69.8678075
Christopher Fitzgerald,29,513 Wilson Brooks,New Ashley,Hawaii,07104,51.158851,-65.006744
Dennis Murray,71,8889 Brennan Field Suite 098,Michaelport,Nebraska,96478,102.371783,-45.1472845
Alexander Gardner,57,2772 Holmes Mall Suite 153,East Melvinhaven,Montana,24680,-120.984655,-11.3731835
Larry Williamson,64,5618 Daniels Union Suite 187,South James,Massachusetts,82456,-89.523865,42.021476
Tyler Clark,50,559 Brandt Corner,Kristimouth,Massachusetts,06680,18.532344,27.3533115
Jack Vazquez,75,63794 Farrell Extension,East Linda,Iowa,38480,88.411652,-51.6247825
Bradley Fritz,59,06528 Clifford Mission Apt. 075,East Charleshaven,Illinois,20503,-74.051164,-47.389316
Kimberly Roy,56,728 Waters Expressway Suite 893,Beckermouth,Michigan,89615,-85.899429,14.270122
Franklin Li,77,648 Young Radial,North Todd,Arkansas,67102,40.915944,43.3734755
Shawn Thomas,75,8443 Rachael Mountain Apt. 832,Lake Mauriceside,Utah,22302,31.331068,-54.850011
Elizabeth Wilson,20,1099 Stewart Ranch Apt. 005,North Stephenmouth,Ohio,51041,-56.807820,89.7793785
Catherine Warren,53,34680 Melissa Brooks Apt. 655,Port Alexanderville,South Dakota,70105,-161.744487,12.524360
Debra Hawkins,18,199 Monica Locks,North Allenchester,Texas,64102,-150.092881,-57.7769635
Michael Merritt,77,160 Snow Crescent Apt. 138,Smithland,Maryland,71999,125.480130,-15.6614645
Derek Riley,55,171 Bartlett Place,New Amandamouth,Hawaii,42028,-54.618080,22.7615695
James Ruiz,79,922 Richard Island,Port Carlside,Connecticut,10514,-113.434118,-53.137427
Lisa Gaines,35,162 Dominguez Meadow,Shortland,Maine,06171,167.307869,2.1263515
Kerry Cooper,33,930 Richardson Ford,South Denisestad,West Virginia,40533,143.357564,-0.5083095
Ashley Mason,77,5822 Taylor Mall,New Larry,Colorado,09886,-128.766458,18.469103
Rebecca Robinson,80,9800 Rodney Drives,North Kevinstad,Montana,58945,-107.278744,82.2607855
Eric Morgan,52,1847 Ashley Tunnel Apt. 588,Cunninghamborough,South Dakota,93768,-23.930763,57.500145
Kevin Davis,57,0692 Kevin Crossroad,South Brian,Idaho,33687,-149.565390,47.1828035
David Simon,37,7075 Richard Walks Suite 231,Lake Amyburgh,New Jersey,58664,-29.997218,24.367788
Steven Smith,80,10118 Simon Place Suite 135,Murphychester,Louisiana,03272,-80.275436,84.3010345
Steven Watson,71,160 Lisa Ways Suite 170,South Patrick,Oregon,45332,155.486069,64.6055505
Matthew Blair,21,76048 Steven Parks,New Dorothy,West Virginia,64314,101.801901,-25.2200825
Fred Garcia,68,41028 Robert Field,South Jacob,Utah,05764,-34.728917,-64.0235665
Heather Marshall,60,7518 David Ways Suite 434,Braunshire,New Hampshire,46629,-101.874898,-69.1793945
Andrea Massey,19,3518 Logan Plain,West Timothy,Ohio,25122,-175.812769,18.295490
Cynthia Cohen,79,7854 Thomas Glens Apt. 896,Franklinhaven,Washington,06575,63.408499,-21.0871515
Joshua Jackson,64,85598 Wilson Pine,East Kimberly,New Mexico,52863,172.493602,-84.930920
Justin Myers,18,4638 Lewis Ford,East Luisstad,Kentucky,05345,-33.921462,75.676937
Cynthia Jones,57,051 Ramos Extension Apt. 240,Lake Patrick,Texas,57421,31.420467,2.838788
Richard Henry,51,20822 William Mount Suite 411,Roberttown,Wisconsin,33925,68.791551,-71.7567625
Kaylee Figueroa,26,10323 Richard Hill,Port Melinda,Colorado,86904,20.383972,-25.970557
Carlos Durham,42,2915 Susan Ville,West Pamelafurt,Oklahoma,56986,-23.402674,29.5215565
Johnny Poole,24,5603 Courtney Walks Apt. 022,Leahtown,Mississippi,35828,60.384643,73.764818
Mark Jones,39,14447 Roger Route Apt. 375,Harrisfurt,Arizona,60625,-178.424845,-70.7652075
Cassandra Powell,37,663 Ramirez Lane,Haydenhaven,Arizona,42393,-6.674653,-49.4557575
John Smith,77,098 Simmons Lock,West Antonio,Hawaii,09704,-173.428381,6.314876
Travis Davis,30,5952 Tate Loaf,Laurenburgh,New Mexico,12160,36.245746,69.257800
Amanda Webb,19,634 Brown Landing,Christophermouth,Delaware,47434,9.060982,51.8523795
Caroline Anderson,49,087 Burns Walk Suite 832,East Christine,Connecticut,67305,99.213529,43.9660575
Linda Montgomery,19,3132 Moran Flats,Harrellfurt,Kansas,26150,58.926891,-25.298636
Maria Perkins,65,69518 Maldonado Wall Apt. 581,Alvaradotown,New Jersey,78608,118.540730,-82.235029
Jeffrey Lewis,24,13656 Park Mill Suite 798,North Michaelfort,Delaware,37909,-81.066066,82.7841235
Luke Lopez,52,8366 Walsh Ports,New Kimberly,Texas,29257,-74.596325,-66.8938185
Sydney Mendoza,68,7935 Ronald Stream,Dickersonmouth,Virginia,45536,1.769290,37.1780765
